Card#,Title,Artist,Year,URL,Youtube-Title,Hashed Info
1,D'yers Mak'er,Led Zeppelin,1973,https://youtube.com/watch?v=SBmBhZB0x3k,D'yer Mak'er (Remaster),b5df16f50beca8aa51bbabfe506fc296f999932c373c4c1e4c9dba744b8530db
2,Don't Forget Me (When I'm Gone),Glass Tiger,1986,https://youtube.com/watch?v=JG2IFsz_n5c,Glass Tiger - Don't Forget Me When I'm Gone (Canadian Version),5dd4565035fa8fb714c63a5c1cd506bb258c6fdb15c077c4072040236ffabe97
3,We Are Family,Sister Sledge,1979,https://youtube.com/watch?v=uyGY2NfYpeE,Sister Sledge - We Are Family (Official Music Video),952ecbacd4c1b4f2d1fb31ff3b836c6aa619d76f19400b4fb74563457d2de126
4,Itsy Bitsy Teenie Weenie Yellow Polka Dot Bikini,Brian Hyland,1960,https://youtube.com/watch?v=ICkWjdQuK7Q,Brian Hyland - Itsy Bitsy Teenie Weenie Yellow Polka Dot Bikini,d214787da324bacf083d63dae0def71fbc5aa56314366ba55c0d0d205fe97044
4,Itsy Bitsy Teenie Weenie ... Dot Bikini,Brian Hyland,1960,https://youtube.com/watch?v=ICkWjdQuK7Q,Brian Hyland - Itsy Bitsy Teenie Weenie Yellow Polka Dot Bikini,d214787da324bacf083d63dae0def71fbc5aa56314366ba55c0d0d205fe97044
5,Cheap Thrills,Sia,2015,https://youtube.com/watch?v=31crA53Dgu0,Sia - Cheap Thrills (Performance Edit),e26a26114d3a7f397cdfa2184f35fad1ab7f7c6cad932170028da29665f73934
6,Get Lucky,Daft Punk,2013,https://youtube.com/watch?v=5NV6Rdv1a3I,"Daft Punk - Get Lucky (Official Audio) ft. Pharrell Williams, Nile Rodgers",dec40d5b17e6c85ddce984a2bfc346288481eae954fafe351d328ea13d324f30
7,Fallin',Alicia Keys,2001,https://youtube.com/watch?v=Urdlvw0SSEc,Alicia Keys - Fallin' (Official HD Video),77a24b17619093736abc0ba771cc55b41c4e24ce81d4491eba2e8f8854d2b4b8
8,Girl You Know It's True,Milli Vanilli,1989,https://youtube.com/watch?v=RdSmokR0Enk,Milli Vanilli - Girl You Know It's True,7f9231d2066463800dee1d5d5914676488033a4371f94ebb2ed4f511f09d1795
10,Waterloo,ABBA,1974,https://youtube.com/watch?v=Sj_9CiNkkn4,ABBA - Waterloo (Official Music Video),c646d8b8ee151cfc64a3035caf9e94a1cadfd70ce317c6edf68ff3cec415506d
11,Piece Of My Heart,Erma Franklin,1967,https://youtube.com/watch?v=i_6gptd01mY,Erma Franklin - Piece Of My Heart (1967),73afde21aedcde63b2044907f96973bd8268d3ea05a243fa536ef9f86378a5b2
12,Sweet Child O'Mine,Guns N' Roses,1987,https://youtube.com/watch?v=1w7OgIMMRc4,Guns N' Roses - Sweet Child O' Mine (Official Music Video),8bbb3d50902f23f1d517b1e11021a6ce06eabef12796645bc49fab8f3c86b9f2
13,Rock You Like a Hurricane,Scorpions,1984,https://youtube.com/watch?v=6yP1tcy9a10,Scorpions - Rock You Like A Hurricane (Official Music Video),b3c005ba911fcd90d41451aea445f7bb36fbc31e3327494e5f02573d0fda66b9
14,Every Breath You Take,The Police,1983,https://youtube.com/watch?v=OMOGaugKpzs,The Police - Every Breath You Take (Official Music Video),b76d28067187df678c0ec77d5b5d7e7ccb97674c33b0e01390a179add62e12c8
15,Ice Ice Baby,Vanilla Ice,1990,https://youtube.com/watch?v=rog8ou-ZepE,Vanilla Ice - Ice Ice Baby (Official Music Video),16415a1a9c3ba4beccefdba33e9bd6b8c78a728e47c0e7360d586c0dd9431e68
16,Call On Me,Eric Prydz,2004,https://youtube.com/watch?v=L_fCqg92qks,Eric Prydz - Call On Me,f4af95b548aa7158683ffb4666641576b4d868d855e2e01f5820290aa4e12470
17,White Wedding,Billy Idol,1982,https://youtube.com/watch?v=DP8A3ZfwYj0,Billy Idol - White Wedding (Remastered),b858b1a311bc307b2d4fd4b647b7af6aa7e9a22ec8be1941a70c8b266b1cb5d0
18,With Or Without You,U2,1987,https://youtube.com/watch?v=ujNeHIo7oTE,U2 - With Or Without You (Official Music Video),0b4b38f35fd86ad9faab7ec0dbd14265ce998044bbe56e4228e7c89073657f12
19,Main Girl,Charlotte Cardin,2017,https://youtube.com/watch?v=8Xef2NPzGp0,Charlotte Cardin - Main Girl [Official Music Video],dab3c1752ce80708ea9d2db481244e724fb0afe58af513cfaf2cec2678c389ab
20,Smoke Gets In Your Eyes,The Platters,1958,https://youtube.com/watch?v=vfBboBz3yoc,The Platters - Smoke Get In Your Eyes - Lyrics,f3027cb47a1fba899cd1e6f52d3a1ece19f95d33721ac72f351c574f3b4abbd4
21,Feel It Still,Portugal. The Man,2017,https://youtube.com/watch?v=pBkHHoOIIn8,Portugal. The Man - Feel It Still (Official Music Video),41f3b97a59fc7399d62a5ccc6e474e731252fc45140ffba9fee0f990df182135
22,Couting Stars,OneRepublic,2013,https://youtube.com/watch?v=hT_nvWreIhg,OneRepublic - Counting Stars,4f9e977754083f330a1272b1f6d399f5f484cc6cbe51491dd4dd6496fce3de11
23,Hit The Road Jack,Ray Charles,1961,https://youtube.com/watch?v=SrnWp5O0DEs,Hit the Road Jack,5a43bf41828333ecd2e3585fb34bcc3d0a3a2ec269813aa5f0b20790430b8491
24,The Lazy Song,Bruno Mars,2011,https://youtube.com/watch?v=fLexgOxsZu0,Bruno Mars - The Lazy Song (Official Music Video),cae29c8ec65468e5bdf3254790312e868a119c5bcaeaa1ff395fbc2e3b2c4a69
25,Informer,Snow,1992,https://youtube.com/watch?v=TSffz_bl6zo,Snow - Informer (Official Music Video) [4K Remaster],f343f18882713c1d6ad1d79d11551e1763604c7662d048477e266fe64a27a4f5
26,Cotton Eye Joe,Rednex,1994,https://youtube.com/watch?v=mOYZaiDZ7BM,Rednex - Cotton Eye Joe (Official Music Video) [HD] - RednexMusic com,d637f3c9f68734dbef99dd0800b99de1edbd0bf0f66241f49f200b66a41e4678
27,Scars To Your Beautiful,Alessia Cara,2016,https://youtube.com/watch?v=MWASeaYuHZo,Alessia Cara - Scars To Your Beautiful (Official Video),2972fdb326c1a2fce335a55526825d257cb2fcfdd7eaea595fe86ca108efde3a
28,Upside Down,Diana Ross,1980,https://youtube.com/watch?v=5zyidkj2fpo,Upside Down (Original CHIC Mix),767783e7192375d02ad2973150701eeddc1a4023a08636f487eb2a948aa686ce
29,A Thousand Miles,Vanessa Carlton,2002,https://youtube.com/watch?v=Cwkej79U3ek,Vanessa Carlton - A Thousand Miles,8327b4aaa7e8cc9e99452a43a5c80df4036f13d7bcf05fa2789dfd4669047526
30,"Bad, Bad Leroy Brown",Jim Croce,1973,https://youtube.com/watch?v=JzYf6qskdfA,"Bad, Bad Leroy Brown",be7afccb3d801d31918604b25f27b9eea009e21683b5b9b1cc196301d42ac1d8
31,No One,Alicia Keys,2007,https://youtube.com/watch?v=rywUS-ohqeE,Alicia Keys - No One (Official Music Video),9bf34f95419ac6f733d3f2ffda9d0773f7e78c63b179ad776f11bfef931e40f4
32,I Got You (I Feel Good),James Brown,1965,https://youtube.com/watch?v=pTdihu-mp90,James Brown - I Got You (I Feel Good) (Visualizer),af2e267a8f2475fb0278196a159630d2ab4f4b49f7f4144cf3612a2bc05351e7
33,Barracuda,Heart,1977,https://youtube.com/watch?v=VdOkQ6THDVw,Heart - Barracuda (Audio),1e3124eab4cad25522e92c3e46d64c3ce71fa9f6cd7300d2b7153433ed0493bb
34,School's Out,Alice Cooper,1972,https://youtube.com/watch?v=RWgTD_0jxeE,School's Out (2002 Remaster),bf38a3d3c7f99626889813e53129396efee3132b3982dbc80a5620564a414a6c
35,"Sugar, Sugar",The Archies,1969,https://youtube.com/watch?v=5rmwDnOozWU,"Sugar, Sugar",6dba9295aa041fcbe181690fd86aab85c090f13da8c1435f930406a2541e5398
36,Le Freak,Chic,1978,https://youtube.com/watch?v=7KP7bdFv_qg,Le Freak (Edit),b00dc35d890fc132bf52a7b6e301533e8f1cc690cbd9d8b1d936b6666dec0961
37,The Time Of My Life,Bill Medley & Jennifer Warnes,1987,https://youtube.com/watch?v=4BQLE_RrTSU,"Bill Medley, Jennifer Warnes - (I've Had) The Time Of My Life (Official HD Video)",e64a7fa9c67ae33d4af3e5dd729884adb406a0d38fa58c84228edcf437ee2cd4
38,Born To Be Alive,Patrick Hernandez,1978,https://youtube.com/watch?v=9UaJAnnipkY,Patrick Hernandez - Born to Be Alive - Official Video (Clip Officiel),4a7126a0e1032e034f45a0ce3291fc3d1aa964425d73a44f6b940f2bbccc70de
39,Heaven,Bryan Adams,1984,https://youtube.com/watch?v=vf3zFvcKQkw,Bryan Adams - Heaven (Classic Version),56449b2bbcaed2fe4393da7f300fd87afae5d325c74ae2b8361a7a5ecd26d2d6
40,Dynamite,BTS,2020,https://youtube.com/watch?v=Mzk6KkyxXC8,BTS - Dynamite (Lyrics),bae7592edcbf1a02fa8c1e647881adfe581dff2a944973f01b8bde2ac264ef19
41,Smells Like Teen Spirit,Nirvana,1991,https://youtube.com/watch?v=hTWKbfoikeg,Nirvana - Smells Like Teen Spirit (Official Music Video),24463589897e88323496df7a01d934b95debb1b092383c8f3e96efdcad0ce5f2
42,Never Gonna Give You Up,Rick Astley,1987,https://youtube.com/watch?v=dQw4w9WgXcQ,Rick Astley - Never Gonna Give You Up (Official Music Video),ea6432992331a13184e0de40254b4992a133dcca7f4adf8831759fbc99d89bba
43,Knock On Wood,Amii Stewart,1979,https://youtube.com/watch?v=oLS57N4kUN0,"Knock on Wood (7"" Edit)",5ef2efbe7d8da6f7d304db48bcb3af65262f5fae132a57b7fe62ec86738d04f0
44,My Heart Will Go On,C√©line Dion,1997,https://youtube.com/watch?v=p79GmLNLMrY,Celine Dion - My Heart Will Go On (Lyrics),15fe73f07327c739ee56759fdc908c61ad0347a5669ca5a3670469b59903226d
45,These Boots Are Made For Walkin',Nancy Sinatra,1965,https://youtube.com/watch?v=TDmidrIDB4o,These Boots Are Made for Walkin',0fd7b9241acb95fcd27af6cd26d1fde906e2159ddfc57affb4e9f687d045ec4f
46,Hey Ya!,Outkast,2003,https://youtube.com/watch?v=RqIRp4QE-1k,OutKast - Hey Ya! (Lyrics),9a0bbafcac075d99c4425ba3e7d77b8b8a04a62adb31d7c3b6ebafa05ec94000
47,In The Summertime,Mungo Jerry,1970,https://youtube.com/watch?v=wvUQcnfwUUM,Mungo Jerry - In The Summertime ORIGINAL 1970,55b5579c419fff8cfb58dab8b4e75c0110d6ea74a2a7cb0a662b3a3d2c13217c
48,Follow You Down,Gin Blossoms,1996,https://youtube.com/watch?v=5LuH0ywYVQc,Gin Blossoms - Follow You Down (Official Music Video),ff07efd06e2f8f12d05544c30482cbf19562e99f5c2f53c31c83eebdf1076475
49,Manic Monday,The Bangles,1986,https://youtube.com/watch?v=SsmVgoXDq2w,The Bangles - Manic Monday (Official Video),b66a4a1d6b78d7b0cf71295259c454daa5985fc8c9a8a3e7caef64160a074f02
50,Get Busy,Sean Paul,2003,https://youtube.com/watch?v=oPQ3o14ksaM,Sean Paul - Get Busy/Like Glue (Official Video),5f5e21373359a17a67a71057f4c4f59df4802a97a059bee8566a71021cea7b2d
51,Guajira Guantanamera,Jose√≠to Fern√°ndez,1929,https://youtube.com/watch?v=gdYIpvnzoW8,Guajira guantanamera,87defd174ba0b7b5c96e3e1582a2ee89737363dfbfbc5e094ec39c39793ad81d
52,Don't Call Me Up,Mabel,2019,https://youtube.com/watch?v=V35iQO30Xys,Mabel - Don't Call Me Up,97f9f21bba5181ccfddb59502a1a07666cb9c6a3bba98b5203e597798e461fc7
53,"Hey, Soul Sister",Train,2009,https://youtube.com/watch?v=kVpv8-5XWOI,"Train - Hey, Soul Sister (Official Video)",2e631b35f67c4675ccfc7b47189974ec12e0c3964cc47b6abadc5ffdab34024b
54,I Love Rock 'N Roll,The Arrows,1975,https://youtube.com/watch?v=cJzPLhDf3-8,The Arrows - I Love Rock 'n' Roll (1975),ba34a0588ff1dceeb0ffa167f3b51f3ad3ab290a75c189fd1c6e72ca01d6fece
55,I'm A Believer,The Monkees,1966,https://youtube.com/watch?v=4PQAqprjOuA,I'm a Believer,21d3dac8e7a7ac97bf491f7ff5ba02203dd8cdcfa9155e06c6053add1ec3896f
56,Somebody Like You,Keith Urban,2002,https://youtube.com/watch?v=eiBinM-f-Pk,Keith Urban - Somebody Like You (Official Music Video),7d36690d2758d8447850747e8caf800e0315f75401396a4af46f681ba23c1aa6
57,The Rhythm Of The Night,Corona,1993,https://youtube.com/watch?v=OnT58cIJSpw,Corona - The Rhythm of the Night (Official Music Video),ffc5ec1642032c35c857aece7be8f5d1e2c4679afe0f9affeaf75943986b988d
58,Royals,Lorde,2012,https://youtube.com/watch?v=nlcIKh6sBtc,Lorde - Royals (US Version),e4c9b66057e248f5b33a4872bd6e6fabfdc1cc893543037f5a12cd1abada3424
59,Ironic,Alanis Morissette,1995,https://youtube.com/watch?v=H4bIXVTsJck,Ironic,edbbf31f6637a555323e85ce5cf29c1e7df959471f38ac612020b712ef39ae93
60,Wrecking Ball,Miley Cyrus,2013,https://youtube.com/watch?v=mRFHAvdwXXs,Miley Cyrus - Wrecking Ball (Audio),cc934e38d3ffe97b15410dce07a64508e537811ece7ff22b4ea6d622e997b432
61,Mony Mony,Tommy James And The Shondells,1968,https://youtube.com/watch?v=X_OoEx9WOl8,Tommy James and The Shondells - Mony Mony,0e6f7a79a027f61458857e6a653dca9ea06bc6c68000ff1652474cf192d54bb9
62,I Can't Help Myself ,Four Tops,1965,https://youtube.com/watch?v=_Z2lWY-wkRs,I Can't Help Myself (Sugar Pie Honey Bunch),b3c4187b559da3168696d24248545387d5c280a0eade7a3fcc67552b904121cd
63,Turn the Beat Around,Vicki Sue Robinson,1976,https://youtube.com/watch?v=vz9pZW5OvM4,Vicki Sue Robinson - Turn the Beat Around (Audio),c5c6fee80df07d1a39fd9e8909e05793260b1d1c3a0f0305436efadc553559d7
64,You Sexy Thing,Hot Chocolate,1975,https://youtube.com/watch?v=iD4ympXPrWs,You Sexy Thing,81dc557e3d6e9643fff65bc5a67b4854f88611d8c54672f64c35f02575085692
65,All Of Me,John Legend,2013,https://youtube.com/watch?v=450p7goxZqg,John Legend - All of Me (Official Video),da23e6c481ce3cc0ed6aaf1defb3a67a2a98d8eff706493dea533fc6fe64e9e2
66,Poker Face,Lady Gaga,2008,https://youtube.com/watch?v=bESGLojNYSo,Lady Gaga - Poker Face (Official Music Video),7ab456a6e035796c5935d3b39de0948e5db928560a29f22e28d36c5375548ec5
67,Tubthumping (I Get Knocked Down),Chumbawamba,1997,https://youtube.com/watch?v=2H5uWRjFsGc,Chumbawamba - Tubthumping,dc03eefb78656f4f5ac36e8caa7e105d82dac554704026d008d920aafe0549ee
68,Everybody Knows,Leonard Cohen,1988,https://youtube.com/watch?v=Gxd23UVID7k,Leonard Cohen - Everybody Knows (Audio),634eff5701acca0e2e186e9d441c3ffbe0781159d19f3c6804feee0993055481
69,Return Of The Mack,Mark Morrisson,1996,https://youtube.com/watch?v=1ZfjB5P7RS0,Return of the Mack,c04bc92d6089df2815a66219eb1bd1dbd8297d76ea8ff90ccec606446555fb32
70,Rich Girl,Hall & Oates,1977,https://youtube.com/watch?v=AmHE65RAkSY,Daryl Hall & John Oates - Rich Girl (Official Audio),2c407fde0b535f86075ce6190cd43c2429f69b722ebd4710c137a06eab0610b8
71,Uprising,Muse,2009,https://youtube.com/watch?v=w8KQmps-Sog,Muse - Uprising [Official Video],f125ecb32ea107dffbf5144523a5ffaba144d5d434d478335b06d3f8a9a445b2
72,Haven't Met You Yet,Michael Bubl√©,2009,https://youtube.com/watch?v=rqthwCypho4,Michael Bubl√© - Haven't Met You Yet,e575f73d3ab2b125f5628d9326e2069d16adfbd03f940bde30c7f05c0d09c0ab
73,Hotel California,Eagles,1976,https://youtube.com/watch?v=BciS5krYL80,Hotel California (2013 Remaster),aef08fbc03eb9fd6757402c8b0aea669776b5a4838a09d91f9a1956b1e6d8e84
74,Johnny B. Goode,Chuck Berry,1958,https://youtube.com/watch?v=Uf4rxCB4lys,Johnny B. Goode,35e02617333a6f2b7905dd38452467a45aa0496e8b893c5f4f12b15f5cba11b1
75,Maneater,Dary Hall & John Oates,1982,https://youtube.com/watch?v=yRYFKcMa_Ek,Daryl Hall & John Oates - Maneater (Official Video),b6f9594aba3ce1a1261f6784e4f6505b41b35b55ede645da89a40611fed6fd93
76,La Donna √à Mobile (Rigoletto),Enrico Caruso,1908,https://youtube.com/watch?v=RZNkoRb2iLQ,Enrico Caruso - La Donna e Mobile (Remastered),02724062dc5e32725d955acab8c7538c102c1a99bc1cec8a242d1af680d790c4
77,Happier,Marshmello and Bastille,2018,https://youtube.com/watch?v=m7Bc3pLyij0,Marshmello ft. Bastille - Happier (Official Music Video),cc001c1797584aa42729d5386181b3511004ea62914099452b0c6ae631bad2d7
78,Love Shack,The B-52's,1989,https://youtube.com/watch?v=9SOryJvTAGs,The B-52's - Love Shack (Official Music Video),691963f9970b395bdd224e49c1a294e8933ffa0d6b2b53cda2fa1f7dccc18ed2
79,Don't Leave Me This Way,Thelma Houston,1976,https://youtube.com/watch?v=rUdw7V-FC_Q,Don't Leave Me This Way,f168a443fe058bb2d39cff030657bb0cd5406dfc8da7e22848cde7c03cd81210
80,When I Need You,Leo Sayer,1977,https://youtube.com/watch?v=obC0MFHWJ0A,Leo Sayer - When I Need You (Official HD Music Video),3b63e9a9bb063cc4a61f12494b1cf37f703a70b53abff7423806002960fbd5d5
81,Sweet Caroline,Neil Diamond,1969,https://youtube.com/watch?v=4F_RCWVoL4s,Neil Diamond - Sweet Caroline (Audio),23a1e787e4963cad9614f3c7e4ea73051c124b4fc71a494553aa51ad1294b2ca
82,Feel,Robbie Williams,2002,https://youtube.com/watch?v=eK_tpyqtnsg,Feel,794b88f42bf45128f7a5881cde556a1594d12579b611827f2bb76222825b6802
83,In The Mood,Glenn Miller,1939,https://youtube.com/watch?v=dVh3ZzVDZik,Glenn Miller - In the Mood (Audio),73bfedf03a515d6352edfadd88d3f70567a3c4982c8759acebcdd557019095eb
84,Dancing in The Dark,Bruce Springsteen,1984,https://youtube.com/watch?v=8cNS_Mecbw8,Bruce Springsteen - Dancing In The Dark,ab771c24882ca71333bbd49ce79868209385d1f27ece2e1ccac5b80d2975d7ff
85,Without You,Avicii (feat. Sandro Cavazza),2017,https://youtube.com/watch?v=WRz2MxhAdJo,Avicii - Without You ‚ÄúAudio‚Äù ft. Sandro Cavazza,c89256563a05da06fb985311c7e16837e3d5c7524bb4479a0456fe22fc3a8501
86,Yeah!,Usher (feat. Lil Jon & Ludacris),2004,https://youtube.com/watch?v=GxBSyx85Kp8,"Usher - Yeah! (Official Video) ft. Lil Jon, Ludacris",58d0fb45c9c292e3d80891b7a87f3d62d7ae912c6a278e77ff4bda4b00b81877
87,Mr Vain,Culture Beat,1993,https://youtube.com/watch?v=V3qUoiwr5kQ,Mr. Vain,f01693d066cec43d39886a5f62cf6793b2722d5474e696149ce9acb20243ea3d
88,Uptown Funk,"Mark Ronson, Bruno Mars",2014,https://youtube.com/watch?v=OPf0YbXqDm0,Mark Ronson - Uptown Funk (Official Video) ft. Bruno Mars,6a47ea1a541a780030cb792f7c88a9342255ce620b12d7d389560602ceede79b
89,Joyride,Roxette,1991,https://youtube.com/watch?v=xCorJG9mubk,Roxette - Joyride (Official Video),c6079429a3075801a21f542944b1ba3db95e930ae6b4242b1227f5d477a4fef6
90,Rock Around The Clock,Bill Haley & His Comets,1954,https://youtube.com/watch?v=Ud_JZcC0tHI,Rock Around the Clock-Bill Haley-original song-1955,3762e4ecd152c544fb450f9f6e95504292bffca7eb58413f9a1f38334ce21696
91,Funkytown,Lipps Inc.,1980,https://youtube.com/watch?v=Z6dqIYKIBSU,Lipps Inc. - Funkytown (Audio),2fe1dc8407dee8dc1840232e130a8c7f66e679fe645442d3c21d6c191bb981c5
92,Right Here Waiting,Richard Marx,1989,https://youtube.com/watch?v=S_E2EHVxNAE,Richard Marx - Right Here Waiting (Official Music Video),77f87e7cb4b3d44591a338c76c12040395fe3cc142a2f7ef059009bf5c2b3949
93,Smalltown Boy,Bronski Beat,1984,https://youtube.com/watch?v=88sARuFu-tc,Bronski Beat - Smalltown Boy (Official Video),4854a0c51fd1d119b8e04e79528844b7e915fc8a4223f5c2e4ee3ce6280b3552
94,White Room,Cream,1968,https://youtube.com/watch?v=ond4Wp9nPhM,Cream - White Room,98df78b8247b0849f5ef7c6a5cd67aad5327e66a613560797b047bd3b9d0703f
95,Buffalo Stance,Neneh Cherry,1988,https://youtube.com/watch?v=rFXhBEj6mEE,Neneh Cherry - Buffalo Stance (Remastered),8fcff0edea6f1f5149f81add399b9b8874650df767005fde013903cdd15ffbcd
96,I Want You,Savage Garden,1996,https://youtube.com/watch?v=HQt6jIKNwgU,Savage Garden - I Want You,bc2c2e7e0a77d4088652a9c08253838da79f7f35ed7166803a8dbd33bbea69e4
97,Under The Bridge,Red Hot Chili Peppers,1991,https://youtube.com/watch?v=GLvohMXgcBo,Red Hot Chili Peppers - Under The Bridge [Official Music Video],0e49a9153d69eaf48a351487d70e5ef54902a5b31ffbed0df6bebb6c81cf4fc3
98,Superheroes,The Script,2014,https://youtube.com/watch?v=0y7ygEDRpSo,The Script - Superheroes (Audio),1932ff5f50d92fe0c7a6817e874ad4fa72c8d18fbed62e4f39f6af7afd5c5c89
99,Wonderwall,Oasis,1995,https://youtube.com/watch?v=FVdjZYfDuLE,Wonderwall (Remastered),8048295e218cc2632bf115afcb070617b374e672180dd7f0ed63fd5ffdb1e172
100,You Can't Hurry Love,The Supremes,1966,https://youtube.com/watch?v=ovoBi3pXD_A,The Supremes - You Can't Hurry Love (Official Lyric Video),a1a50686dd05464484b787a20b31fad5c8b9b2b464866575da0798f24236593e
101,Rehab,Amy Winehouse,2006,https://youtube.com/watch?v=KUmZp8pR1uc,Amy Winehouse - Rehab,e9581d4baf74336dd2b04d0113821ea755473b5eeb9ede61a0478524eb489ba7
102,Africa,TOTO,1982,https://youtube.com/watch?v=FTQbiNvZqaY,Toto - Africa (Official HD Video),7bca89f29ffc2a3f692285af89d200b2ad045e02c99ff4e75cceb8f4864b93f0
103,How You Remind Me,Nickelback,2001,https://youtube.com/watch?v=hhSLkkLl750,How You Remind Me,f52eaa9ef7ec96166acba718d78423498788921c9bd9ab290633f700b53b4c80
104,If I Could Turn Back Time,Cher,1989,https://youtube.com/watch?v=_eorELNxxrU,Cher - If I Could Turn Back Time (Lyrics),4611af8bc3edbeefe57796d35e5824d24c1a92c41d07f546adb675c16f1135bf
105,"See You Later, Alligator",Bill Haley & His Comets,1956,https://youtube.com/watch?v=NMP6IGJXG3o,"See You Later, Alligator",522710437c02cc32291f3c2daf37cc54fac4f91f60573b6457cacf7ae96cbba2
106,Stayin' Alive,Bee Gees,1977,https://youtube.com/watch?v=fNFzfwLM72c,Bee Gees - Stayin' Alive (Official Music Video),200914878307402433eb90316e18dc14617e3658282fa0a3500b9b5653f36457
107,Gangsta's Paradise,Coolio (feat. L.V.),1995,https://youtube.com/watch?v=Tw0_qHNRAEA,Gangsta's Paradise,3a7fa3117a5a154583409dd45d8dbca3521259f7919c5a8e3915a49fa10b65f5
108,School,Supertramp,1974,https://youtube.com/watch?v=JgJRM_8GWHg,Supertramp - School (Audio),3d8769e98d200f5b6e1e7c53cef65c767dab06acc4e8d4112f23e9ddd022031d
109,Walk Of Life,Dire Straits,1985,https://youtube.com/watch?v=h2a20YL5mvg,Dire Straits - Walk of Life (Official Audio),bce795d9e3b5a6481c1c88a335a66fbb60fd5c99990d80647461e22a2854de7e
110,Jailhouse Rock,Elvis Presley,1957,https://youtube.com/watch?v=PpsUOOfb-vE,Elvis Presley - Jailhouse Rock (Official Audio),02242b58761eecaa7e201aefe62d48e2dd19cd3c0dae307f2ae401ec30cfb58a
111,It's In His Kiss,Betty Everett,1964,https://youtube.com/watch?v=B4KN6TFhy2I,Betty Everett - Shoop Shoop Song  (it¬¥s in his kiss),302f34a8cc3c4cc61da9a61ea393d4d947be43a660929f56f6882b0484b0bab9
112,Wasted On You,Morgan Wallen,2022,https://youtube.com/watch?v=KE35_SlTdn4,Morgan Wallen ‚Äì Wasted On You (Audio Only),e3610f313e1b44d1143b0a43712572cde777b923b5b6790472760900481c9dbb
113,7 Years,Lukas Graham,2015,https://youtube.com/watch?v=LHCob76kigA,Lukas Graham - 7 Years [Official Music Video],24ecf1fc202432d33e74a711b7baa1a1a8f5c5a24003f15fbdff90b4f2771cae
114,Day-O,Harry Belafonte,1956,https://youtube.com/watch?v=YO7M0Hx_1D8,Day O (Banana Boat Song),3aa3ea8f92208d8d33510adb6870a70dba08abc279b3d1c655a08a76f6254ee2
115,Blinding Lights,The Weeknd,2019,https://youtube.com/watch?v=fHI8X4OXluQ,The Weeknd - Blinding Lights (Official Audio),8bb65422df595fcd79964ecf4b1d4582f48852e2a97bd01ee8b24b91d1c9d22a
116,Yakety Yak,The Coasters,1958,https://youtube.com/watch?v=epCN0f7FTIY,Yakety Yak (2007 Remaster),691d390531e8e09cf9ed11dc0e2b7e414f27b4cd18fe85ed38cfe0f43076ed7c
117,Crazy In Love,Beyonc√© (feat. Jay-Z),2003,https://youtube.com/watch?v=ViwtNLUqkMY,Beyonc√© - Crazy In Love ft. JAY Z,7e31969c34b63b85fb7182b566979e0b79d5d17ef946556e31841e166e6bd500
118,What I've Done,LinkinPark,2007,https://youtube.com/watch?v=Jrprk5dNboI,What I've Done,10c694fd70350f0d505f19b053436dffd3d054221b52c8644e2adfd248e57d36
119,Respect,Aretha Franklin,1967,https://youtube.com/watch?v=9iayJ8u4Qew,Respect,b3b49901cb7f050808d3c6ba031f0fba5c8e06235f5fb0cae161398568734c4b
120,Do Wah Diddy Diddy,Mandred Mann,1964,https://youtube.com/watch?v=1UingsUi0mI,Do Wah Diddy Diddy,462e7b973ae8eabf2af29d5af045c47986fc281f1fb78b1362d2ecb81176c884
121,Blurred Lines,"Robin Thicke, T.I. & Pharrell",2013,https://youtube.com/watch?v=zwT6DZCQi9k,"Robin Thicke - Blurred Lines (Unrated Version) ft. T.I., Pharrell",8c7a18ef0a9426337b85e92ada71c13f2e1780799608299f1d24fe8c61f0bb97
122,Umbrella,Rihanna Jay-Z,2007,https://youtube.com/watch?v=crVOEJ2FwLE,Rihanna - Umbrella (official video),2aa36b3550d3f4ec352c97fb537ceb53863444c6b8269cbdeab27788c4415ef0
123,Congratulations,Cliff Richard,1968,https://youtube.com/watch?v=770f-pwPe4o,Congratulations,c0427a75afd3077b47fdb332bc73fb4c535d6173857dd4c90e19462228a6413f
124,Barbra Streisand,Duck Sauce,2010,https://youtube.com/watch?v=rZZGsRD1aJI,Duck Sauce - Barbra Streisand,1d932fa1c5aad96f248954b18ff1da2919a4d9a3d8a02493708ff92bd1931296
125,Dream Lover,Bobby Darin,1959,https://youtube.com/watch?v=wVHAQX5sSaU,Bobby Darin - Dream Lover,5611ccfb5b4779b55bc32a23011eed949234531ac56e03ba21717147e2fe9963
126,Never Surrender,Corey Hart,1985,https://youtube.com/watch?v=-4pg6Jh94Lo,Corey Hart - Never Surrender (Official Music Video),a6ee03357b177b80c6a328cbad96f672f4e44c3ecdc4761d0fcb9e2c4ba9c076
127,We Like To Party!,Vengaboys,1998,https://youtube.com/watch?v=6Zbi0XmGtMw,Vengaboys - We like to Party! (The Vengabus),3013e9d1c01565f9d677a20d79fd4c22914f7f945fb7dccb7583d9678f3891b6
128,Born To Be Wild,Steppenwolf,1968,https://youtube.com/watch?v=igvP806798U,Born To Be Wild,1eacb6a1259de601de99851ad0e9e1881c499f00dba9a122943f2df049fcd6d7
129,Belive,Cher,1998,https://youtube.com/watch?v=nZXRV4MezEw,Cher - Believe (Official Music Video) [4K Remaster],edfccfef7fd8319c6b775b34baf108c16b4733f66b8f8753a46d76b233858b31
130,Master Of Puppets,Metallica,1986,https://youtube.com/watch?v=E0ozmU9cJDg,Master of Puppets (Remastered),a2891b957f20d3065ae47bfc94c8f34dc3cb410fd28f82aaa11e83480accebc3
131,Tom Sawyer,Rush,1981,https://youtube.com/watch?v=6QsXhH93QAs,Rush - Tom Sawyer (Official Music Video),d10896eab5b0976467119802b12c563ff9cdd87e5c74c289338290ddd453889a
132,Mr. Brightside,The Killers,2003,https://youtube.com/watch?v=pvIJyRkS9y0,Mr. Brightside HQ (The Killers),069ef95f9fe487394ad0251658102cf33ce1300d06a0430240c49d3e9024b9b1
133,The Ketchup Song (Aserej√©),Las Ketchup,2002,https://youtube.com/watch?v=AMT698ArSfQ,Las Ketchup - The Ketchup Song (Asereje) (Spanglish Version) (Official Video),22b4a31d2342495dd3e3d101cbc76310a95d81f945e6e4f596a6541ee210c982
134,Fast Car,Tracy Chapman,1988,https://youtube.com/watch?v=AIOAlaACuv4,Tracy Chapman - Fast Car (Official Music Video),f725ae6d64a1b8d739ff2495663ed9af00babc422df55f993f4f5e71b80c965e
135,No Son Of Mine,Genesis,1991,https://youtube.com/watch?v=KZbHcAPsllE,Genesis - No son of mine (1991),d7b0cfb42f7d599ddac2d60ee059fc91eb6bd189ce60aa82eefe3b3448a50a5b
136,Crazy,Aerosmith,1994,https://youtube.com/watch?v=DU5fiwedSCk,Crazy,6881e182644c8861e8706fd1a2412afcf0416732a596db56256fbdca8d6d506e
137,Don't Stop Belivin',Journey,1981,https://youtube.com/watch?v=1k8craCGpgs,Journey - Don't Stop Believin' (Official Audio),0a9c04e9c7edf4a902299ea8dab66b1800009b0f68bf6c82e1390ab60c8dd802
138,Ghost,Justin Bieber,2022,https://youtube.com/watch?v=Fp8msa5uYsc,Justin Bieber - Ghost,39f19251575df2b5f614a972e708ffe929f61dae5c34aa9f7118d67092850601
139,Domino Dancing,Pet Shop Boys,1988,https://youtube.com/watch?v=ik2YF05iX2w,Pet Shop Boys - Domino Dancing (Official Video) [HD REMASTERED],b2033959a0a556015a6d6965271e7ef6361af9baf018050bdf764ca15c04869b
140,Sweet Dreams,Eurytmics,1983,https://youtube.com/watch?v=eRhg7qPLeN8,Sweet Dreams (Are Made of This) (2005 Remaster),9632d17980e82844dbd423b864015739bbf563749f438dd62a1783fc0b726fd9
141,Bitter Sweet Symphony,The Verve,1997,https://youtube.com/watch?v=1lyu1KKwC74,The Verve - Bitter Sweet Symphony,bc487057389be8a9756812a9fe0f147f9477c47bf1a9f651963558bb49356f33
142,God Is A DJ,Faithless,1998,https://youtube.com/watch?v=bhSB8EEnCAM,Faithless - God Is a DJ (Official Video),7ef9df67a370672fa57c13ceabda474cdc3b4646c02c6cf63fbf8e3395b715b3
143,Barbie Girl,Aqua,1997,https://youtube.com/watch?v=eLXXFVNFKww,Aqua - Barbie Girl (Audio),19d12e2c3c5660a5700178d38c2b3f050948e35fd19e2e0f57511fa8e6f7acc3
144,Wheel Of Fortune,Kay Starr,1951,https://youtube.com/watch?v=OeIce5NsWKk,Kay Starr - Wheel Of Fortune 1952,69bbca11660a5c6b616ffd83eb99b309e5562517c6847898a12e2926f76b2160
145,Torn,Natalie Imbruglia,1997,https://youtube.com/watch?v=UOJkzcJigGI,Natalie Imbruglia - Torn (Official Audio),52cfe8814fd956aa5e11a19c22b2e70246d8c04e2ec369dff7042b5d5ee83daf
146,The Loco-Motion,Little Eva,1962,https://youtube.com/watch?v=24Neyv2crh4,Little Eva - The Locomotion,24cf5c052069f86a7705eedc2f2c066cf36fa19078306862a9c3750cc7d8831f
147,Bye Bye Love,The Everly Brothers,1957,https://youtube.com/watch?v=LRyrWN-fftE,Everly Brothers - Bye Bye Love - Original HQ Audio,9a24a9b92574d5f5661d30880ecf00ce3574e9ebf48b43735fa020c638b9243e
148,Drivers Licence,Olivia Rodrigo,2021,https://youtube.com/watch?v=tNJhkrpLGT8,drivers license,d37aa1106188d27ee866f87e5dd8588e456c8f78658e55774993fed830d8e275
149,Flowers,Miley Cyrus,2023,https://youtube.com/watch?v=7V3jqsIe8c0,Miley Cyrus - Flowers (Official Lyric Video),dc4681b41795a939adc6b1b1b3b3b1eeea3b45c968da982da0fa7a8953688404
150,I Love It,Icona Pop (feat. Charli XCX),2012,https://youtube.com/watch?v=W50HtcPAeSs,Icona Pop - I Love It (Feat. Charli XCX)  [Audio],bfcfa00cd7aef3fe5526fe93c104c32a8bf2ea910b425bd53cc5180fbf25d66a
151,Stressed Out,Twenty One Pilots,2015,https://youtube.com/watch?v=pXRviuL6vMY,twenty one pilots: Stressed Out [OFFICIAL VIDEO],bd401f98ccf899e67c96cdca808b41e8959bdad82965ad910b4bd59459541380
152,That Don't Impress Me Much,Shania Twain,1998,https://youtube.com/watch?v=mqFLXayD6e8,Shania Twain - That Don't Impress Me Much (Official Music Video),463f083b4e1d15ec603480b2023abbaa185dfbb7d07b2cbcbbdb679c23174777
153,Porcelain,Moby,1999,https://youtube.com/watch?v=KtsVN__gPvQ,Porcelain,2b7aa35a0fa6c96113e78f7276567cbc7165f005f977f7906ae7ba042bce94a8
154,"December, 1963 (Oh What A Night)",Frankie Valli & The Four Seasons,1975,https://youtube.com/watch?v=mTUhnIY3oRM,"Frankie Valli & The Four Seasons - December, 1963 (Oh, What a Night) (Official Music Video)",0b2cdf8c60463402da9aa2fe7a7f92cbdfa31a42b04723609c04952e48a42015
155,Sweet Home Alabama,Lynyrd Skynyrd,1974,https://youtube.com/watch?v=-p8GXZcdrIk,Lynyrd Skynyrd - Sweet Home Alabama (Lyric Video),9d441c7491c5516374e5629ba3ae328b2321a0946d9958af48c75afca31c2051
156,Se√±orita,Shawn Mendes & Camila Cabello,2019,https://youtube.com/watch?v=dFp_b5DPIIo,"Shawn Mendes, Camila Cabello - Se√±orita (Lyrics) Letra",e64b145c3e739f85359aabe2630cd7081cb268d09c9a709130c203a5fdecd8d2
157,1979,The Smashing Pumpkins,1995,https://youtube.com/watch?v=Lr58WHo2ndM,Smashing Pumpkins - 1979,37947ea4eee901aaece1c919728323ebde9cc43d5f5715b3be69fa520720c647
158,Heaven Is A Place On Earth,Belinda Carlisle,1987,https://youtube.com/watch?v=NOGEyBeoBGM,Belinda Carlisle - Heaven Is A Place On Earth (Official Music Video),d070987737862ae64f630ac2992aff7ddf052dc72659909248f4cd549a6d8e76
159,"Signed, Sealed, Delivered (I'm Yours)",Stevie Wonder,1970,https://youtube.com/watch?v=inXC_lab-34,"Stevie Wonder- Signed, Sealed, Delivered, I'm Yours",e4a15e7d4c4e7bd084da77d8f797be37ebcf2f8a9794b46d1ab635ed4610ecf2
160,I Heard It through The Grapevine,Marvin Gaye,1968,https://youtube.com/watch?v=VWG3npfEoHo,I Heard It Through The Grapevine,9623f7e2f5923c87c0fd9ae2ac0ebd175fbc53f21ad2e7e862ff1619a126b295
161,Have You Ever Seen The Rain?,Creedence Clearwater Revival,1971,https://youtube.com/watch?v=bO28lB1uwp4,Creedence Clearwater Revival - Have You Ever Seen The Rain,b6e12530788e5d77427b9590d47725c5ae9980a7105b6fe46a5c410401084e9d
162,Disco Inferno,The Trammps,1976,https://youtube.com/watch?v=u5lSeYd_riw,The Trammps - Disco Inferno (Original Long Version - Tony Mendes Video Re Edit),4f5b450e4994eeb3ca80e649ac7c6acef12ce1d61334f12e76bc93d4c7487856
163,Shout,Tears For Fears,1984,https://youtube.com/watch?v=Ye7FKc1JQe4,Tears For Fears - Shout (Official Music Video),5367d47b39573af9f2e13c6180ed5246511870d3da1caf74d0d548cb3b517ff3
164,Hurt So Good,John Mellencamp,1982,https://youtube.com/watch?v=4dOsbsuhYGQ,John Mellencamp - Hurts So Good (Official Music Video),d1e8cbfce40e669565929732148b638f6f41054d56484c6846fc38fc8436e6a3
165,We Built This City,Starship,1985,https://youtube.com/watch?v=NtM3jjLP7AE,We Built This City,ba4580cff63f734d3e006c8e3556e65edf246da209a51399593787fb5913c5f7
166,Wooly Bully,Sam The Sham & The Pharaohs,1965,https://youtube.com/watch?v=KZJiGu6Gz8E,Sam The Sham & The Pharaohs Woolly Bully,f45f09b728458800ffcecd4b2c383e6f1f3748498a662630b7dc3bc57d8d9126
167,Viva La Vida,ColdPlay,2008,https://youtube.com/watch?v=dvgZkm1xWPE,Coldplay - Viva La Vida (Official Video),4978685807e342187b61111c890668dc84e819346dc3c1371658caa336724eee
168,Faith,George Michael,1988,https://youtube.com/watch?v=6Cs3Pvmmv0E,George Michael - Faith (Official Video),89ac64703c7ab0b567af4ea135d1e875c239e42a852dab5ad6855eaf7fc04a8f
169,What Is Love,Haddaway,1993,https://youtube.com/watch?v=OFNrN_6Ta5I,Haddaway - What is Love (Audio),827ba58bccddc641baaabcc950b2ccfcfc0d49be4464e795bd430f93773af23c
170,Somebody That I Used To Know,Gotye (feat. Kimbra),2011,https://youtube.com/watch?v=2FZZK8gBBOI,Gotye - Somebody That I Used to Know (2015 Remaster),ede2c12c46487b460488aacfaa215cd4785f16b2da66b9434b3df57b38146fcd
171,Mercy,Duffy,2008,https://youtube.com/watch?v=eJCrb1oNbH4,Duffy - Mercy (Lyrics),2967c570e101f9c8aba9318bd2bcccb98210390522e0f1a738a1202838dd2816
172,I Wanna Dance With Somebody ,Whitney Houston,1987,https://youtube.com/watch?v=id2-K3daNRQ,I Wanna Dance with Somebody (Who Loves Me),3436bdfc5bd1ac10347cacf275a7f5b0b952e1f68381fd4e857315d8c1f95813
173,"You're The First, The Last, My Everything",Barry White,1974,https://youtube.com/watch?v=E7zmRvhFEYo,"You're The First, The Last, My Everything",3303b0bfce1e69370892a0866ae31dcf55e79bdc4a7182c24c18b3025bfe14b8
174,Fireflies,Owl City,2009,https://youtube.com/watch?v=QBgl4rVz3Ks,Owl City - Fireflies (Lyrics),ef6df7d4c2f07b74b785109a3902333072d9c5869548d6d15338cc0463e12798
175,Love Train,The O'Jays,1975,https://youtube.com/watch?v=2vTKmVvyNRc,The O'Jays - Love Train,2a2d0bbadfa89098b2acbc5519f8c50b634926459789b978893c180fc5fa4b0c
176,Lola,The Kinks,1970,https://youtube.com/watch?v=LemG0cvc4oU,The Kinks - Lola (Official Audio),77706b32c3d363335c2d516bcb05bfead76e63b83587c2e89bd3204a17ee6e6f
177,Watermelon Sugar,Harry Styles,2020,https://youtube.com/watch?v=7-x3uD5z1bQ,Harry Styles - Watermelon Sugar (Official Audio),0c5e3eb3dd6ed1892f1e997459ba315bee9cadcd129279c678665c9a629473ef
178,Don't Speak,No Doubt,1996,https://youtube.com/watch?v=1leInEAlbjY,No Doubt  - Don't Speak,64f6f3f6d9675435fd7c9b0ec64de13efdbe72f201fc786faa2464a95d85586d
179,Survivor,Destiny's Child,2001,https://youtube.com/watch?v=lXAdAa4ZuuY,Survivor - Destiny's Child (Lyrics) üéµ,c10ed5e5e7946f8c88a2eb1183c652e944771738fbd04ff62f8332acada07a99
180,Ho Hey,The Lumineers,2012,https://youtube.com/watch?v=R6UqE6JzNLA,The Lumineers - Ho Hey (Lyrics),5ff99252d38e06dbf7460c38f2c3709faaa1e40076a034d98b8a3fef2469451b
181,We R Who We R,Kesha,2010,https://youtube.com/watch?v=tCkGsyOYDMI,We R Who We R,2117dcf0bb80ee830583079366c3eb3b702c10d6b7df7360ffd72afbe69a5d9e
182,This is How We Do It,Montell Jordan,1995,https://youtube.com/watch?v=mTY31zVUqfs,Montell Jordan - This Is How We Do It (Lyrics),f18e428c338d94a1a0dc410e204ce5d5ad2372041fcb9f487e591b26588d835d
183,Red Flag,Billy Talent,2006,https://youtube.com/watch?v=1XAn5Gbrcs4,"Billy Talent - Red Flag (HD,HQ)",6e706a9dc58cafb01235fb98160ee58f6e91678762af5602e595937265fd7153
184,Just Give Me A Reason,P!nk (feat. Nate Ruess),2012,https://youtube.com/watch?v=OpQFFLBMEPI,P!nk - Just Give Me A Reason ft. Nate Ruess,40299bbd43cbba7d1f76a9ba902f804af314fde714fbe5c08aad9481e72403cf
185,The Best,Tina Turner,1989,https://youtube.com/watch?v=GC5E8ie2pdM,Tina Turner - The Best (Official Music Video),3ad2148b09a07e103497d57ed282bf83e34edcd1200251e433ecb690ec61b507
186,The Look,Roxette,1988,https://youtube.com/watch?v=LlVI7ZNiFlI,Roxette - The Look,cfe223cf49d1e3f80378c57cb9e2f0e6fe3eac321c75e10b896485348f39cf28
187,Dragostea Din Tei,O-Zone,2003,https://youtube.com/watch?v=uukQ7hGygRc,Dragostea din tei,351411463dd388d134afc7d6be7935950ba85145afc4acb611c81d45a23f570f
188,I Want It That Way,Backstreet Boys,1999,https://youtube.com/watch?v=-aKJE1lanQk,I Want It That Way,f4efc494cd597f6948145bb59c8bf557afc69593061aa627addf023f2618cffb
189,"Girl, You'll Be A Woman Soon",Neil Diamond,1967,https://youtube.com/watch?v=K_fZCD93LzQ,"Girl, You'll Be A Woman Soon",c88a0cc27784a48456a0f03c67bd60de8b308250165b86371c4c5cb354e61c15
190,Ring Of Fire,Johnny Cash,1963,https://youtube.com/watch?v=1WaV2x8GXj0,Ring of Fire,55ed1d5ee92da1b861b27d8782c3057a5b8ad2ef93537220ea7fd48cef46281f
191,I Like To Move It,Reel 2 Real,1993,https://youtube.com/watch?v=vuo8kD5zF5I,Reel 2 Real feat. The Mad Stuntman - I Like To Move It (Official Video),559efd4724c748613df6a32580add278c32d4797e8d5d7e07ca7d0abdbf6a3e1
192,Thunderstruck,AC/DC,1990,https://youtube.com/watch?v=v2AC41dglnM,AC/DC - Thunderstruck (Official Video),eeed47e4f39b24bf0a5f56234a09e91f1ed971cae9bf8bf9e7d649092a1a554e
193,Party Rock Anthem,LMFAO,2011,https://youtube.com/watch?v=zIh5AHxh-Ok,"LMFAO ft. Lauren Bennett, GoonRock - Party Rock Anthem (Official Audio)",59591d272adfd849a0e8c56ebf415e1b57afa79a1a4d54cf06bcf9d77ff36e08
194,All About That Bass,Meghan Trainor,2014,https://youtube.com/watch?v=Fccz4gz5erM,All About That Bass,980c4ce5e76d55774aa033e12c09495a96c34cacef1e69b85ea1ae1beff83a2b
195,Have A Nice Day,Stereophonics,2001,https://youtube.com/watch?v=tgkeg5sjPP4,Have A Nice Day,618a5eb21d3214a12cdf124fb01dee0efd48133e7451bf170a93c58debaad5ef
196,Waka Waka (This Time For Africa),Shakira,2010,https://youtube.com/watch?v=rjJKXxUx2PU,Shakira - Waka Waka (This Time for Africa) (Audio),c4d91f6d0546057213ec759d6755982a8e6d7389ee2ab87482a3d1640f286971
197,One More Time,Daft Punk,2000,https://youtube.com/watch?v=A2VpR8HahKc,Daft Punk - One More Time (Official Audio),0cc5749b1c2c84b9813cb17537de587bc677a204cd434370dff6b9635bd231c8
198,Happy,Pharrell Williams,2013,https://youtube.com/watch?v=ZbZSe6N_BXs,Pharrell Williams - Happy (Video),7878bf7cbe23768f8a8f4b541acdee6f6a9edf95f761e3839b03082897a9d4fc
199,Start Me Up,The Rolling Stones,1981,https://youtube.com/watch?v=ZzlgJ-SfKYE,Rolling Stones-start me up,bc40410878eb5e1c2e82fc9015ed230de97fd95c8a1eb94c9755ecf9f70f900a
200,Tequila,The Champs,1958,https://youtube.com/watch?v=U_JFLb1IItM,Tequila,28035f660a05e7001d76f699a34fe57dc949843c8347fcbd8ec4cc45ae461278
201,Sing Hallelujah!,Dr. Alban,1993,https://youtube.com/watch?v=pKxJca7LLNM,Dr. Alban - Sing Hallelujah (Official HD Video),7c36d4cb6937c3ef9b2d27cc3b653765c1082e71b2f36ccac3a0dab23e85cba0
202,Flashdance... What A Feeling,Irene Cara,1983,https://youtube.com/watch?v=ILWSp0m9G2U,Irene Cara  - Flashdance What A Feeling (Official Music Video),019d4c1b3070d7d83d73148b3e7df9be219450443d88023bad5123850bacffcb
203,Work,Rihanna (feat. Drake),2016,https://youtube.com/watch?v=xizkel_Jrdo,Rihanna - Work ft. Drake,937972e041ff93d4e1a212630dae1d72db4e58fb2134a30c7948388fdfbbc708
204,Pour Some Sugar On Me,Def Leppard,1987,https://youtube.com/watch?v=eiOIDqRKo0Y,Pour Some Sugar On Me (Remastered 2017),35af415b54ede75e667cb9349737c5cfb62ac65ae17ca5c822fc1a30d39373df
205,Never Ending Story,Limahl,1984,https://youtube.com/watch?v=2WN0T-Ee3q4,Limahl - Never Ending Story (Official Music Video),a9b3c13f394b01638d8b397878b18f287bfc905944f4fbb6939864179acd971c
206,Lean On,"Major Lazer, DJ Snake & M√∏",2015,https://youtube.com/watch?v=rn9AQoI7mYU,Major Lazer & DJ Snake - Lean On (feat. M√ò) [Official Lyric Video],70d6467642193e3478ad52a0fa3904b131af042af74a8b94038d9eec25dfab74
207,(What A) Wonderful World,Sam Cooke,1960,https://youtube.com/watch?v=R4GLAKEjU4w,Sam Cooke - What A Wonderful World (Official Lyric Video),91124220bb99da989fc572f9c5a3e6ee3b6c7049138b4d3d86d9719dfbe53b69
208,December,Collective Soul,1995,https://youtube.com/watch?v=mJPkIcYfrAA,Collective Soul - December,abefb83435a4c9e4ed278a0da40d67c3e7721be99d2de1e69c8e4dc3d9da8a70
209,I'll Be There for You,The Rembrandts,1995,https://youtube.com/watch?v=q-9kPks0IfE,The Rembrandts- I'll be there for you (official video),a1266d209b70a43a5461c20b86e7e9f7b4b638777ca73286d6c6e7ba58107272
210,Be-Bop-A-Lula,Gene Vincent,1956,https://youtube.com/watch?v=sQL_Bv8nbDo,Gene Vincent - Be-Bop-A-Lula,dd26bafb0b573cbc79ff77f630e2fd7802d2ebab9b61fccf56a478de54fecd5c
211,Everybody Hurts,R.E.M.,1992,https://youtube.com/watch?v=mhIay4-PbCY,Everybody Hurts,7a53e3e47b90b852b9fe56f5be8cc6401125647a2c484164c80ac3fedfbde1f1
212,Policy Of Truth,Depeche Mode,1990,https://youtube.com/watch?v=7smG_3QdYtw,Policy of Truth,750fbfab31b2aefd51a612af942f554a26787a41a402adfa3658947521301f17
213,MMMBop,Hanson,1997,https://youtube.com/watch?v=XEebGBGZwj8,MMMBop,8ca8661197aab80f327338c926695d7413f3ac8391eb078fcadb79812fac23e8
214,Because Of You,Kelly Clarkson,2005,https://youtube.com/watch?v=Ra-Om7UMSJc,Kelly Clarkson - Because Of You (VIDEO),aec78f643cb0750924dd3d5d8c0e98b4058e46c8323ff8e55f1dc242525c2390
215,Oops!... I did it Again,Britney Spears,2000,https://youtube.com/watch?v=OO0aTOIU_3w,Oops!... I Did It Again (Remastered),9278adcd625b15d82c42a0c05772cd2d486479c4fcb11a110d6caad5727124b7
216,A View to a Kill,Duran Duran,1985,https://youtube.com/watch?v=Fp4CR2HcHLQ,Duran Duran - A View To A Kill,a7946f6ac4dce72d3a12ed490df9bf6501c5b6db0951311add887bdcd202f494
217,Don't Dream It's Over,Crowded House,1986,https://youtube.com/watch?v=xwsaVHiiFQ8,Crowded House - Don't Dream It's Over (Audio Remastered) (HQ),d0eaf0b2032c5243a3d6af2fca44d98c62296fd0a5676084e70d849149b82817
218,Zombie,The Cranberries,1994,https://youtube.com/watch?v=8sM-rm4lFZg,Zombie - The Cranberries (Lyrics) üéµ,88ca0e4f66be807932f0a51348a8e36831d36649bddf70f2122d10c84752b008
219,Self Esteem,The Offspring,1994,https://youtube.com/watch?v=EtNZnhxWLHo,Self Esteem,385e2101e0b48bbbe16b5ddcefad4d460235243c302aa06afa7a312f140a27e3
220,Piano Man,Billy Joel,1973,https://youtube.com/watch?v=QwVjTlTdIDQ,Billy Joel - Piano Man (Audio),a2aad168e6f73e9acd0d451f7fad95e07a6f9f02181410eb3a7a8f6eb5eed344
221,Holiday,Madonna,1983,https://youtube.com/watch?v=h4bP9tj_0Zk,Holiday,1d2cca44324700f4c1ec60827a0fa41672909db4f26b7ff90d476ac4ac0744f2
222,Beautiful Girls,Sean Kingston,2007,https://youtube.com/watch?v=v7EgkZnYRZE,Beautiful Girls (Radio Edit),2c15bc388ebe1c995e4c67bbb1d11293c9623bad6ad38881a837e5d914346b00
223,Surf City,Jan & Dean,1963,https://youtube.com/watch?v=ERrwjR4ZlfI,Jan & Dean - Surf City - 1963,1f910eb55ef3b926427d0cef3a3a33dd1ce501f4e122305f5cff58eff6e5df7c
224,Alive,Pearl Jam,1991,https://youtube.com/watch?v=wGiTPgvKktM,Pearl Jam - Alive,7091536e4cbde7018cf991ccd52aeb1b27ca89f1dbf570865eb922ecc9b31b3b
225,Praise You,Fatboy Slim,1998,https://youtube.com/watch?v=ruAi4VBoBSM,Fatboy Slim - Praise You [Official Video],d53e45e3977a93b5ddac2710bc8571b7bbf3ecb85ae370213987548d1f287bf5
226,Running Up That Hill),Kate Bush,1985,https://youtube.com/watch?v=HYwNM1t9ltI,Running Up That Hill (A Deal With God) (2018 Remaster),8c81b1aed923b2c8050095811c0af5ba373eb7be9565b16ef5c7c6a73122f119
227,Surfin' U.S.A.,The Beach Boys,1963,https://youtube.com/watch?v=KcZn05qxVgg,Surfin' U.S.A. (Stereo),102c56bcfc1b092cdf633cde6a9876bc015350f1893a03f66342043a0fc54e1c
228,"Monday, Monday",The Mamas & the Papas,1966,https://youtube.com/watch?v=VsIjOKCxRSE,"Monday, Monday",abdbffc2488bb5ec60289a5e4c93b84895fee72ad345632ad4c377453d7b5500
229,Hangover,Taio Cruz,2011,https://youtube.com/watch?v=hToYLtkLwlw,Hangover,6be00441ec820eb68a6fd14e0bc415f4d381492797de89479542e46a31c76003
230,The Wanderer,Dion,1961,https://youtube.com/watch?v=SbYa7NBYyRc,The Wanderer,30f85eb0e4d108a63a7f71beaf20508c7e1a47526a3c3c49f7c67c19f3a1e1dd
231,Tears In Heaven,Eric Clapton,1992,https://youtube.com/watch?v=ZqtyQuXo9zM,Eric Clapton - Tears In Heaven (lyrics),254e881d1f45452eedd54d1e4ac673407dc5d416cd5b2715da0ee99070074b78
232,Put Your Records On,Corinne Bailey Rae,2006,https://youtube.com/watch?v=E-_JcJiUOII,Corinne Bailey Rae - Put Your Records On (Lyrics),641ecea15512d9ba9e9f7b0c54eaea3c3544b879a485579ce809df0dbefc7c5d
233,Escape (The Pi√±a Colada Song),Rupert Holmes,1979,https://youtube.com/watch?v=FXG_I_tf_i4,Escape (The Pina Colada Song),937e8c54c029d4676dbf1910a07eb9ffec7f34a3a0ba99ff449384719c6335ca
234,Genie In A Bottle,Christina Aguilera,1999,https://youtube.com/watch?v=kIDWgqDBNXA,Christina Aguilera - Genie In A Bottle (Official Video),cc8aedb31c217d8fb7de7985e4f5de12c1d6a6a96ee99a186d02eea8dfc0aab0
235,I Will Survive,Gloria Gaynor,1978,https://youtube.com/watch?v=6dYWe1c3OyU,Gloria Gaynor - I Will Survive,82fa45877ada17544d1618d24d68b23953e4dab42d11712dec13fac0db25f64f
236,Dynamite,Taio Cruz,2010,https://youtube.com/watch?v=kJNyjdpT1vo,Taio Cruz - Dynamite (Lyrics),6d84ae89038004ec7a505d26dcdc242a1257bb2a4249fa07a756565b0f16c603
237,Heart Of Glass,Blondie,1978,https://youtube.com/watch?v=WGU_4-5RaxU,Blondie - Heart Of Glass,4641f4f8d037f3964cf1f43d0a25ca94e3cd4d24938be4187bf73689a50a2783
238,American Woman,The Guess Who,1970,https://youtube.com/watch?v=9uf6EY2BZBw,The Guess Who - American Woman (Official Audio),6f6732cd6bbd99b1b73fdf849cd3699d4d99b69f40b83d140293f9feb295ba48
239,Un-Break My Heart,Toni Braxton,1996,https://youtube.com/watch?v=p2Rch6WvPJE,Toni Braxton - Un-Break My Heart (Official HD Video),4d68cfde69d615739fef4778b5de7217725a6df1214eeadc1d13ae20f2e8208f
240,Blue Velvet,Bobby Vinton,1963,https://youtube.com/watch?v=icfq_foa5Mo,BOBBY VINTON-BLUE VELVET,8e1c74a8deef20539838944a2ca58bbf701a7472ec2dec7b8a6634413de2f8dc
241,Nothing Compares 2 U,Sin√©ad O'Connor,1990,https://youtube.com/watch?v=0-EF60neguk,Sin√©ad O'Connor - Nothing Compares 2 U (Official Music Video) [HD],a4f66fd8794f3c92ed8358f839f112cddb139fdba8084fe93df263f2a9a3a0ec
242,Holiday,Green Day,2005,https://youtube.com/watch?v=l2hA8g1cNvQ,Green Day - Holiday (Audio),e0f18d1095611359d48cf7606ffaeb060c85a624e9603f41f457b1f86e1340d0
243,Under Pressure,Queen & David Bowie,1981,https://youtube.com/watch?v=nbwn21TU4ec,Under Pressure (2017 Remaster),c77e0f7b264af5fbf74d4e861306cfe047fcf918f106fed975fb86f1c3235d4e
244,I'm Like A Bird,Nelly Furtado,2000,https://youtube.com/watch?v=z_6_XTv4F_g,Nelly Furtado - I'm Like a Bird (Audio),305e4993ce2661c55cabb01202cade601dbcb26fde1873cb8e30300f0dd6cdd5
245,I've Got A Woman,Ray Charles,1954,https://youtube.com/watch?v=CnI_LuCJ4Ek,Ray Charles - I got a woman,4a3b10b8c782f28d75ebcc4af005b5dda33a73894842ad89e4880b350aa192bd
246,Pieces,Sum 41,2004,https://youtube.com/watch?v=E3oDVDyOrAQ,Sum 41 - Pieces (Official Music Video),27de3636d973daaa1d9ba6465122472529bce47b2328e8e116ace951d3e3cdf7
247,Anyone,Justin Bieber,2021,https://youtube.com/watch?v=Yxpyo4nCvKY,Justin Bieber - Anyone (Lyrics),ccf18e16efc7468d950aca745bbd734c0505d50f201be11b823f7333d950f749
248,The Twist,Chubby Checker,1960,https://youtube.com/watch?v=-CCgDvUM4TM,Chubby Checker - The Twist (Official Music Video),3e45f1259620f3c41277f13823d65da880a07a474afb1489b8417eb4c6016734
249,Stop,Spice Girls,1997,https://youtube.com/watch?v=jlh9JKRGQaQ,Spice Girls - Stop (Lyrics),7e9d40a9d1ca7b5057e90cf47b314a76de04aca2822434e1ed826f61e3e74977
250,True Colors,Cyndi Lauper,1986,https://youtube.com/watch?v=2ecaYj14z3M,Cyndi Lauper - True Colors (Official Lyric Video),e5e9c1d41d6e4f6d696a06bf6a6c5332282d39a94749caeeac84c9c0f9e50119
251,If You Had My Love,Jennifer Lopez,1999,https://youtube.com/watch?v=tT5g7I-Itc8,If You Had My Love,bf5fa0d70d2072a84200757a86bb74a537d8c210936cb651f9ed13dc433879dd
252,Self Control,Laura Branignan,1984,https://youtube.com/watch?v=FQD0yGuZ2N8,Self Control,e7ceb80e0ab393484541cf889a972702d6e3ca38d399d5b56e8b8f7359475eff
253,As It Was,Harry Styles,2022,https://youtube.com/watch?v=H5v3kku4y6Q,Harry Styles - As It Was (Official Video),ec2ef492687f389353eb8738a7ff1023c6eba030c1e5560e21f60bb5ba2d54ff
254,Break My Heart,Dua Lipa,2020,https://youtube.com/watch?v=Nj2U6rhnucI,Dua Lipa - Break My Heart (Official Video),d9e434efde0a04e878c73b356dac6822f82ea6cf7f6d8df172be0c64be3b618a
255,Mr. Tambourine Man,The Byrds,1965,https://youtube.com/watch?v=oecX_1pqxk0,Bob Dylan - Mr. Tambourine Man (Official Audio),92057ad290742b00b27ed4f060b8d964bcff2d886ece6a4fcfc1138c21431c9e
256,Right Now,Van Halen,1992,https://youtube.com/watch?v=DLQawHJ38Sc,Van Halen - Right Now,ab91abc8b68b616a62112bc962ab67a1393283cead3529997c30b196c846b334
257,I Like It,"Cardi B, Bad Bunny and J Balvin",2018,https://youtube.com/watch?v=xTlNMmZKwpA,"Cardi B, Bad Bunny & J Balvin - I Like It [Official Music Video]",0de3cab28ba452e80a512a4a511f9a17103ee3695e0adfe05dffd937f95a5324
258,Run Like Hell,Pink Floyd,1980,https://youtube.com/watch?v=qDPRWQd2TE4,Pink Floyd: The Wall ‚Ä¢ Run Like Hell,363097b4535332b4fb778a2f289b5ba5bd07a0423e18b15acc8ebd215f4b045e
259,Lonely,Akon,2004,https://youtube.com/watch?v=JISlh7et1w4,Akon - Lonely,2fd776c382720b1a14a1942a55100e6ad248a7b8c47d92efc06758fdc62393c3
260,Happy Together,The Turtles,1967,https://youtube.com/watch?v=pSw8an1u3rc,Happy Together (2016 Remaster),6f7f91fccfed1042533f3756062a0fc34be71b0140170f6512ac662f36e974a6
261,Ain't That A Shame,Fats Domino,1955,https://youtube.com/watch?v=I6JZW7zMDfY,FATS DOMINO - AIN'T THAT A SHAME 1955,badad5eb18c4369870805ada01af0b419bd5ae71ea12ef3030fdb77e5ed9c71c
262,All That She Wants,Ace Of Base,1992,https://youtube.com/watch?v=7VBI2wcKxGU,All That She Wants Lyrics - Ace of Base - Lyric Top Song,e17dd03c760d975b246d17d1bfc41faf602567b694d1dbaa6169821fd500f4b1
263,Fly Away,Lenny Kravitz,1998,https://youtube.com/watch?v=EvuL5jyCHOw,Lenny Kravitz - Fly Away (Official Music Video),22ac06d7b5f66eae30835879a0bfa2e76c072dcff6334dfebf8755b09c199d33
264,It Wasn't Me,Shaggy,2000,https://youtube.com/watch?v=U48fb7Nx1A8,Shaggy - It Wasn't Me (Lyrics) ft. Ricardo RikRok Ducent,e7e0101c6c400b7e50d9cf1a9b432ac72591e86e9105badb578d81fb3cf0bc60
265,Karma Chameleon,Culture Club,1983,https://youtube.com/watch?v=JFvXvV0oZIo,Culture Club - Karma Chameleon (lyrics),5e606ecc0b6492fba002d1529acbf7d65e46daf35a404a5e7f5b4088a0bebad9
266,Numb/Encore,Jay-Z & Linkin Park,2004,https://youtube.com/watch?v=_1oO4wzPCmE,Numb / Encore (Official Audio) - Linkin Park / JAY-Z,0757764595b0dc4865b1402f282286e562751f6bc3d745dda43f1ddc18f646e9
267,Family Affair,Mary J. Blige,2001,https://youtube.com/watch?v=1wh_UYUA0oA,Mary J. Blige - Family Affair (Lyrics),5c67cfba23f77071920169182429dc7b28dad405ba2a0ff42428fbd6d6a67890
268,Dance Monkey,Tones And I,2019,https://youtube.com/watch?v=1__CAdTJ5JU,Tones and I - Dance Monkey (Lyrics),d2f8779858f42120c620f2e19002831c3d6c0888e9dbc38a4b55f416525911a1
269,My Guy,Mary Wells,1964,https://youtube.com/watch?v=4WT7nBGX5eU,Mary Wells - My Guy,15760f3b99e84d74a3fa847c90c54a221556f28295f57ed5c7d6aaabfc7296f1
270,I Got You Babe,Sonny & Cher,1965,https://youtube.com/watch?v=HKGjCPBSG38,Sonny & Cher - I Got You Babe (Official Audio),213677cf436506f8b111185a335756c9c5545b7a0993094c740aedd63a2dac60
271,Beverly Hills,Weezer,2005,https://youtube.com/watch?v=q0EpIzx9pi0,Weezer - Beverly Hills,ba5531e50db2f90e3cb9dc35625f17b2af0924731978764362a017b39136f3aa
272,Celebration,Kool & The Gang,1980,https://youtube.com/watch?v=3GwjfUFyY6M,Kool & The Gang - Celebration,cfeb9c93963d34289364d6aa7859feeab8e04e96584f6e68274fee8c9d6c3492
273,Your Song,Elton John,1970,https://youtube.com/watch?v=FT3D1Cu6g10,Your Song,cd4fcee7a74668065835d0ec921dc71881088260f3de52b450e29adfc26ec4a6
274,Green Green Grass Of Home,Tom Jones,1966,https://youtube.com/watch?v=EmT1ptv3VEc,Green Green Grass Of Home,99075f7a5e2c6fc03c049c3038ea7559a3ea900bda8952ab16145b3eabe0368e
275,If You Leave Me Now,Chicago,1976,https://youtube.com/watch?v=-9_d-sFhmRM,Chicago - If You Leave Me Now (Official Audio),1eabc29ea89ef03c558e4220ba9e799eed808640ca4bd8f01c0e87e47398aaad
276,Maggie May,Rod Stewart,1971,https://youtube.com/watch?v=jubOWUlkxuk,Maggie May (Remastered Version),ffbf011dbf8051d477c27b9d70ae5f557ecd5b25e605346a623c19bfe4cb5a34
277,Where Is The Love,Black Eyed Peas,2003,https://youtube.com/watch?v=WpYeekQkAdc,The Black Eyed Peas - Where Is The Love? (Official Music Video),7d525252e243160c6d1d9a46fc9173106c0cab201bcaa01ed6daa322c2ea8b36
278,That's Amore,Dean Martin,1953,https://youtube.com/watch?v=OnFlx2Lnr9Q,Dean Martin - That's Amore,15512ac5669d76d2812597d010eefdbbe0f2d85f464fcf96ca374f2654cefa59
279,American Pie,Don McLean,1971,https://youtube.com/watch?v=PRpiBpDy7MQ,Don McLean - American Pie (Lyric Video),673d498b2a6173b71479bf68c091870a6dd86d8ec20f33ed6a12283eb9cf1f87
280,You're So Vain,Carly Simon,1972,https://youtube.com/watch?v=j13oJajXx0M,Carly Simon - You're So Vain,65404ec60abd91fd489837973aaaf811874f9b6e7d67105a858596bbc1db2f8f
281,Get Back,The Beatles,1969,https://youtube.com/watch?v=IKJqecxswCA,Get Back (Remastered 2009),b12dd7b6e9220731f1f15d62178c054e03b47fcca77a7aa1735479080fe5a824
282,About Damn Time,Lizzo,2022,https://youtube.com/watch?v=JsOVJ1PAC6s,Lizzo - About Damn Time (Lyrics),d084a4c7b50616fb1f445e166030cb5f17ba46a7e5bd5030647f3352808cbb1c
283,Thunder,Imagine Dragons,2017,https://youtube.com/watch?v=GtEvysh1654,Imagine Dragons - Thunder (Lyrics),7eaaa6006e2dc6b836eed18cc162ee86cb31ae1c0e38e9b33cbd65a928f2f493
284,With A Little Help From My Friends,Joe Cocker,1969,https://youtube.com/watch?v=eXV4WyQMHFM,With A Little Help From My Friends,185cd640c388611767af86b02e42dc49ef307327af2b34ab75bf00210eaa6c3e
285,Price Tag,Jessie J (feat. B.o.B),2011,https://youtube.com/watch?v=wukKxuxKZMU,Price Tag - Jessie J (Lyrics) üéµ,fd0e0b122db9b884fb334ac184741951e608c8f32c0a7e8b3399837954178876
286,Sweet Emotion,Aerosmith,1975,https://youtube.com/watch?v=15aa3WIHk5M,Sweet Emotion,942105361b3d194eb81f93faa64ae16e97e7375cd2410e32f911739b4c8e1bff
287,"Relax, Take It Easy",Mika,2006,https://youtube.com/watch?v=RVmG_d3HKBA,"MIKA - Relax, Take It Easy",07f03f7236980c1ed3a95cdfdb6c592b7949fa22b7d02a9ed4b76fffe1125ee9
288,Step By Step,New Kids On The Block,1990,https://youtube.com/watch?v=GDEDQ8TCzW8,Step by Step,ff3dc49e1acd33422f911101c244eac00d3cfae5c7c91efb2ea35502687cd304
289,More Than A Feeling,Boston,1976,https://youtube.com/watch?v=zOILAZHf2pE,Boston - More Than A Feeling - Remastered,662ee489dd1a8c2ac88949662cfa059f3bf5d036c8915aa9ae15e24a5dd562dc
290,Bad Habits,Ed Sheeran,2021,https://youtube.com/watch?v=ho1RzYneMtM,Ed Sheeran - Bad Habits,a2470982875a0ecc53bbcb8d3a261abb86c42259ff73c3ce16d09d9cd2308165
291,Someone You Loved,Lewis Capaldi,2018,https://youtube.com/watch?v=FGGo8LFmbjs,Lewis Capaldi - Someone You Loved (Lyrics),2592d79ae1cada12e3d5aa1bc10080cd9e30cdb1b50c97cddfc63cee116589ea
292,Bad Guy,Billie Eilish,2019,https://youtube.com/watch?v=4-TbQnONe_w,Billie Eilish - bad guy (Lyrics),8551d08fbd245c60ba14562532171c3e6dd70d6999d953293acc42cdf84333f2
293,4 Minutes,Madonna (J. Timberlake & Timbaland),2008,https://youtube.com/watch?v=BgPqNyqYDN4,4 Minutes (feat. Justin Timberlake & Timbaland),bcdee074268964a119733c714bcbc87fab83892a974d2664144ba615c2cfdd06
294,Set Fire To The Rain,Adele,2011,https://youtube.com/watch?v=a2giXO6eyuI,Set Fire to the Rain,d7e7693b5fb8cddf240d492b6b87da8bbc1418413b466ac097fd0b94913e7059
295,Twist And Shout,The Isley Brother,1961,https://youtube.com/watch?v=cTaqn8_gMR0,Isley Brothers - Twist and Shout,0aa2680965505bb182e9e058282757093c53eb5326e7d89364c6db085498675c
296,You're Beautiful,James Blunt,2005,https://youtube.com/watch?v=M_q82PPHduI,James Blunt - You're Beautiful (Lyrics),3dcfa5263dc4521ea9521e5c5f1d81cde9a6747022b76a564acda0615c688869
297,Mrs. Robinson,Simon & Garfunkel,1968,https://youtube.com/watch?v=9C1BCAgu2I8,Simon & Garfunkel - Mrs. Robinson (Audio),908ffb217f2c2b98d1a2f1d45d338f0a352c5786b8284848a90964af8a080ddb
298,No Woman No Cry,Bob Marley & The Wailers,1974,https://youtube.com/watch?v=pHlSE9j5FGY,Bob Marley - No Women No Cry (Original),5f19d9b281f9f139f5c919a87163a8e8098176ca24ac4c832f78d99920c5f010
299,It's My Life,Bon Jovi,2000,https://youtube.com/watch?v=VyZeqzWvR7w,It's My Life - Bon Jovi (Lyrics) üéµ,58ed8b8fc9fbc58374e0f4d76908e97436f4db341a1197b6f05a215f8b0bbbb4
300,You Make Me Feel (Mighty Real),Sylvester,1978,https://youtube.com/watch?v=gD6cPE2BHic,Sylvester - You Make Me Feel (Mighty Real),342aeb52712976eff0c0c8216e4bb5ebc85c698f9c61dcfb245ca2dbe0f37a1d
301,Shallow,Lady Gaga & Bradley Cooper,2018,https://youtube.com/watch?v=BpIf43m2ZQI,Shallow (Radio Edit),5c8e75683198587225fde9258d6ba6d168eb188ecd4fb756581e3febc5837d78
302,"Oh, Pretty Woman",Roy Orbison,1964,https://youtube.com/watch?v=9yGFWYP3310,"Roy Orbison - Oh, Pretty Woman (Lyrics)",67c5350ef79595d8ad90b82dcfa274da47904825f5d1ff7d1a0e8414221d5537
303,La Bamba,Ritchie Valens,1958,https://youtube.com/watch?v=Coy8Hoa1DNw,RITCHIE VALENS-LA BAMBA,53b115a4bb6e71e161af3088ce3e80718980154541f85e56a01fc55c35280b47
304,Jolene,Dolly Parton,1973,https://youtube.com/watch?v=Ixrje2rXLMA,Dolly Parton - Jolene (Audio),280999dd31c616447d892337cceb0ec01988f74f8414a3c96a55a55815493648
305,Light My Fire,The Doors,1967,https://youtube.com/watch?v=cq8k-ZbsXDI,The Doors - Light My Fire,6be3f8bbee0c6c41479710531f6a787638c61af3037d5b2094f765af912da5f4
306,Let It Be,The Beatles,1970,https://youtube.com/watch?v=QDYfEBY9NM4,Let It Be (Remastered 2009),5f5855eebb574ab6ec7a8af0d1fd494ba2435a62a040419d091498dbc6f4119f
307,When A Man Loves A Woman,Percy Sledge,1966,https://youtube.com/watch?v=KwPxhWU1koE,When a Man Loves a Woman (2000 Remaster),e8c2bb797c94d52041f98eebc654fba91b531ab51bed7c40605ef53dd46462cf
308,Firework,Katy Perry,2010,https://youtube.com/watch?v=KSbwHzlcgs8,Katy Perry - Firework (Lyrics),1bd364b9639fb92cbff927cf1df84471f84f766c5c352e5d6ec8fbddb1374de6
1000,Close to You,Carpenters,1970,"https://youtube.com/watch?v=-XYBj0J99i8""",,
1001,...Baby One More Time,Britney Spears,1999,https://youtube.com/watch?v=C-u5WLJ9Yk4,,
1002,7 rings,Ariana Grande,2019,https://youtube.com/watch?v=QYh6mYIJG2Y,,
1003,A Hard Day's Night,The Beatles,1964,https://youtube.com/watch?v=Yjyj8qnqkYI,,
1004,A Thousand Miles,Vanessa Carlton,2002,https://youtube.com/watch?v=Cwkej79U3ek,,
1005,A Whiter Shade of Pale,Procol Harum,1967,https://youtube.com/watch?v=z0vCwGUZe1I,,
1006,A Whole New World,Peabo Bryson & Regina Belle,1993,https://youtube.com/watch?v=PmvT7B3u7II,,
1007,About Damn Time,Lizzo,2022,https://youtube.com/watch?v=IXXxciRUMzE,,
1008,Africa,Toto,1983,https://youtube.com/watch?v=FTQbiNvZqaY,,
1009,All Along the Watchtower,Jimi Hendrix,1970,https://youtube.com/watch?v=TLV4_xaYynY,,
1010,All Apologies,Nirvana,1993,https://youtube.com/watch?v=aWmkuH1k7uA,,
1011,All of Me,John Legend,2014,https://youtube.com/watch?v=450p7goxZqg,,
1012,All Shook Up,Elvis Presley,1957,https://youtube.com/watch?v=23zLefwiii4,,
1013,All You Need Is Love,The Beatles,1967,https://youtube.com/watch?v=_7xMfIp-irg,,
1014,Always,Atlantic Starr,1987,https://youtube.com/watch?v=gwHpbhrx_7E,,
1015,American Pie,Don McLean,1971,https://youtube.com/watch?v=PRpiBpDy7MQ,,
1016,American Woman,The Guess Who,1973,https://youtube.com/watch?v=9uf6EY2BZBw,,
1017,Another Brick in the Wall (Part 2),Pink Floyd,1979,https://youtube.com/watch?v=HrxX9TBj2zY,,
1018,Apache,The Shadows,1959,https://youtube.com/watch?v=7TwULx_wDiI,,
1019,Aquarius/Let the Sunshine In,The 5th Dimension,1969,https://youtube.com/watch?v=VlrQ-bOzpkQ,,
1020,As It Was,Harry Styles,2022,https://youtube.com/watch?v=H5v3kku4y6Q,,
1021,Baby Got Back,Sir Mix-a-Lot,1992,https://youtube.com/watch?v=X53ZSxkQ3Ho,,
1022,Bang Bang,Sheila,1966,https://youtube.com/watch?v=vLSgxA5HuRQ,,
1023,Be My Baby,The Ronettes,1963,https://youtube.com/watch?v=jSPpbOGnFgk,,
1024,Beat It,Michael Jackson,1983,https://youtube.com/watch?v=oRdxUFDoQe0,,
1025,Beautiful,Christina Aguilera,2000,https://youtube.com/watch?v=eAfyFTzZDMM,,
1026,Because of You,Tony Bennett,1951,https://youtube.com/watch?v=i-4zvArJDGg,,
1027,Begin the Beguine,Artie Shaw and His Orchestra,1936,https://youtube.com/watch?v=cCYGyg1H56s,,
1028,Believe,Cher,1999,https://youtube.com/watch?v=nZXRV4MezEw,,
1029,Bette Davis Eyes,Kim Carnes,1981,https://youtube.com/watch?v=EPOIS5taqA8,,
1030,Big Girls Don't Cry,The Four Seasons,1961,https://youtube.com/watch?v=zRZpaxBMJRU,,
1031,Black or White,Michael Jackson,1991,https://youtube.com/watch?v=F2AitTPI5U0,,
1032,Blank Space,Taylor Swift,2015,https://youtube.com/watch?v=e-ORhEE9VVg,,
1033,Bleeding Love,Leona Lewis,2008,https://youtube.com/watch?v=7_weSk0BonM,,
1034,Blinding Lights,The Weeknd,2020,https://youtube.com/watch?v=4NRXx6U8ABQ,,
1035,Blowin' in the Wind,Bob Dylan,1963,https://youtube.com/watch?v=MMFj8uDubsE,,
1036,Blue Moon,The Glenn Miller Orchestra,1937,https://youtube.com/watch?v=vG16V1OAwMI,,
1037,Blue Suede Shoes,Elvis Presley,1956,https://youtube.com/watch?v=HeXnFx7aPOE,,
1038,Blueberry Hill,Fats Domino,1960,https://youtube.com/watch?v=bQQCPrwKzdo,,
1039,Blurred Lines,Robin Thicke ft. T.I. & Pharrell,2013,https://youtube.com/watch?v=yyDUC1LUXSU,,
1040,Body and Soul,Coleman Hawkins,1930,https://youtube.com/watch?v=zUFg6HvljDE,,
1041,Bohemian Rhapsody,Queen,1975,https://youtube.com/watch?v=fJ9rUzIMcZQ,,
1042,Boogie Woogie Bugle Boy,The Andrews Sisters,1940,https://youtube.com/watch?v=8of3uhG1tCI,,
1043,Boulevard of Broken Dreams,Green Day,2005,https://youtube.com/watch?v=Soa3gO7tL-c,,
1044,Bridge Over Troubled Water,Simon & Garfunkel,1970,https://youtube.com/watch?v=4G-YQA_bsOU,,
1045,Brown Sugar,The Rolling Stones,1971,https://youtube.com/watch?v=Bar7SzNLnY0,,
1046,Butter,BTS,2021,https://youtube.com/watch?v=WMweEpGlu_U,,
1047,Call Me,Blondie,1980,https://youtube.com/watch?v=StKVS0eI85I,,
1048,Call Me Maybe,Carly Rae Jepsen,2012,https://youtube.com/watch?v=fWNaR-rxAic,,
1049,Calm Down,Rema & Selena Gomez,2023,https://youtube.com/watch?v=WcIcVapfqXw,,
1050,Candy Man,Sammy Davis Jr.,1952,https://youtube.com/watch?v=rsp35yn411A,,
1051,Candy Shop,50 Cent ft. Olivia,2005,https://youtube.com/watch?v=SRcnnId15BA,,
1052,Can't Buy Me Love,The Beatles,1963,https://youtube.com/watch?v=srwxJUXPHvE,,
1053,Can't Stop the Feeling!,Justin Timberlake,2016,https://youtube.com/watch?v=ru0K8uYEZWw,,
1054,Careless Whisper,George Michael,1985,https://youtube.com/watch?v=izGwDsrQ1eQ,,
1055,Cheek to Cheek,Fred Astaire & Ginger Rogers,1935,https://youtube.com/watch?v=P1u2G16fq_Y,,
1056,Clocks,Coldplay,2003,https://youtube.com/watch?v=d020hcWA_Wg,,
1057,Come Go with Me,The Del-Vikings,1958,https://youtube.com/watch?v=hEolAR08m9s,,
1058,Come on Eileen,Dexy's Midnight Runners,1982,https://youtube.com/watch?v=6BODDyZRF6A,,
1059,Come On-A My House,Rosemary Clooney,1950,https://youtube.com/watch?v=mriXncI96lw,,
1060,Crazy,Gnarls Barkley,2006,https://youtube.com/watch?v=-N4jf6rtyuw,,
1061,Crazy in Love,Beyonc√© ft. Jay-Z,2003,https://youtube.com/watch?v=ViwtNLUqkMY,,
1062,Crazy Little Thing Called Love,Queen,1980,https://youtube.com/watch?v=zO6D_BAuYCI,,
1063,Crazy on You,Heart,1977,https://youtube.com/watch?v=EZ7inhwScSQ,,
1064,Creep,Radiohead,1993,https://youtube.com/watch?v=XFkzRNyygfk,,
1065,Cry,Johnnie Ray,1950,https://youtube.com/watch?v=5FO07LN72ek,,
1066,Dance Monkey,Tones and I,2019,https://youtube.com/watch?v=q0hyYWKXF0Q,,
1067,Dancing on the Ceiling,Lionel Richie,1986,https://youtube.com/watch?v=ovo6zwv6DX4,,
1068,Dancing Queen,ABBA,1974,https://youtube.com/watch?v=xFrGuyw1V8s,,
1069,Dark Horse,Katy Perry ft. Juicy J,2014,https://youtube.com/watch?v=0KSOMA3QBU0,,
1070,December 1963 (Oh What a Night),The Four Seasons,1976,https://youtube.com/watch?v=mTUhnIY3oRM,,
1071,Despacito,Luis Fonsi ft. Daddy Yankee,2017,https://youtube.com/watch?v=kJQP7kiw5Fk,,
1072,Disco Inferno,The Trammps,1976,https://youtube.com/watch?v=pG8TyIEAqps,,
1073,Don't Be Cruel,Elvis Presley,1956,https://youtube.com/watch?v=B2YwGBVSfFQ,,
1074,Don't Cha,Pussycat Dolls ft. Busta Rhymes,2005,https://youtube.com/watch?v=YNSxNsr4wmA,,
1075,Don't Start Now,Dua Lipa,2020,https://youtube.com/watch?v=oygrmJFKYZY,,
1076,Don't Stop Me Now,Queen,1976,https://youtube.com/watch?v=HgzGwKwLmgM,,
1077,Don't Worry, Be Happy,1988,https://youtube.com/watch?v=Bobby McFerrin,d-diB65scQU,
1078,Don't You (Forget About Me),Simple Minds,1985,https://youtube.com/watch?v=CdqoNKCCt7A,,
1079,Downtown,Petula Clark,1964,https://youtube.com/watch?v=z_m4Qb0iW-o,,
1080,Empire State of Mind (Part II),Jay-Z & Alicia Keys,2009,https://youtube.com/watch?v=vk6014HuxcE,,
1081,End of the Road,Boyz II Men,1992,https://youtube.com/watch?v=zDKO6XYXioc,,
1082,Endless Love,Diana Ross & Lionel Richie,1981,https://youtube.com/watch?v=UsqDoz2Co4o,,
1083,Enter Sandman,Metallica,1991,https://youtube.com/watch?v=XZuM4zFg-60,,
1084,Every Breath You Take,The Police,1983,https://youtube.com/watch?v=OMOGaugKpzs,,
1085,Every Rose Has Its Thorn,Poison,1989,https://youtube.com/watch?v=j2r2nDhTzO4,,
1086,Eye of the Tiger,Survivor,1982,https://youtube.com/watch?v=btPJPFnesV4,,
1087,Faith,George Michael,1988,https://youtube.com/watch?v=6Cs3Pvmmv0E,,
1088,Fallin',Alicia Keys,2001,https://youtube.com/watch?v=Urdlvw0SSEc,,
1089,Fame,Irene Cara,1980,https://youtube.com/watch?v=ChhCpSVrjvU,,
1090,Fever,Peggy Lee,1953,https://youtube.com/watch?v=REryc1TpeY8,,
1091,Flashdance... What a Feeling,Irene Cara,1983,https://youtube.com/watch?v=ILWSp0m9G2U,,
1092,Flowers,Miley Cyrus,2023,https://youtube.com/watch?v=G7KNmW9a75Y,,
1093,Gangnam Style,Psy,2012,https://youtube.com/watch?v=9bZkp7q19f0,,
1094,Get a Job,The Silhouettes,1958,https://youtube.com/watch?v=ysKhbaLyIFw,,
1095,Get Lucky,Daft Punk ft. Pharrell Williams,2013,https://youtube.com/watch?v=5NV6Rdv1a3I,,
1096,Get Ready,Little Richard,1952,https://youtube.com/watch?v=QtmRwHfp0Ok,,
1097,Girlfriend,Avril Lavigne,2007,https://youtube.com/watch?v=Bg59q4puhmg,,
1098,Girls Like You,Maroon 5 ft. Cardi B,2018,https://youtube.com/watch?v=aJOTlE1K90k,,
1099,Give Peace a Chance,John Lennon & Yoko Ono,1969,https://youtube.com/watch?v=C3_0GqPvr4U,,
1100,Go Your Own Way,Fleetwood Mac,1977,https://youtube.com/watch?v=oiosqtFLBBA,,
1101,God's Plan,Drake,2018,https://youtube.com/watch?v=m1a_GqJf02M,,
1102,Gold Digger,Kanye West ft. Jamie Foxx,2005,https://youtube.com/watch?v=6vwNcNOTVzY,,
1103,Good 4 U,Olivia Rodrigo,2021,https://youtube.com/watch?v=gNi_6U5Pm_o,,
1104,Good Times,Chic,1979,https://youtube.com/watch?v=RLTDpewIpfw,,
1105,Got a Lot of Rhythm and Blues,Fats Domino,1957,https://youtube.com/watch?v=4IOVSUFMSxI,,
1106,Got to Give It Up,Marvin Gaye,1977,https://youtube.com/watch?v=qhFNY9zW2F4,,
1107,Grease,John Travolta & Olivia Newton-John,1978,https://youtube.com/watch?v=bkWevngKTcw,,
1108,Great Balls of Fire,Jerry Lee Lewis,1956,https://youtube.com/watch?v=lgCNOsSYP4I,,
1109,Grenade,Bruno Mars,2011,https://youtube.com/watch?v=SR6iYWJxHqs,,
1110,Happy,Pharrell Williams,2014,https://youtube.com/watch?v=ZbZSe6N_BXs,,
1111,Heartbreak Hotel,Elvis Presley,1956,https://youtube.com/watch?v=e9BLw4W5KU8,,
1112,Heat Waves,Glass Animals,2022,https://youtube.com/watch?v=mRD0-GxqHVo,,
1113,Help!,The Beatles,1965,https://youtube.com/watch?v=2Q_ZzBGPdqE,,
1114,Helter Skelter,The Beatles,1984,https://youtube.com/watch?v=vWW2SzoAXMo,,
1115,He's So Fine,The Chiffons,1962,https://youtube.com/watch?v=rinz9Avvq6A,,
1116,Hey Jude,The Beatles,1968,https://youtube.com/watch?v=A_MjCqQoLLA,,
1117,Hey There Delilah,Plain White T's,2003,https://youtube.com/watch?v=h_m-BjrxmgI,,
1118,Hey Ya!,Outkast,2002,https://youtube.com/watch?v=PWgvGjAhvIw,,
1119,Hey, Soul Sister,2010,https://youtube.com/watch?v=Train,kVpv8-5XWOI,
1120,Hocus Pocus,Focus,1973,https://youtube.com/watch?v=g4ouPGGLI6Q,,
1121,Hold Me Now,Thompson Twins,1986,https://youtube.com/watch?v=TvzVTRK1nOY,,
1122,Honeycomb,Bobby Darin,1955,https://youtube.com/watch?v=khUrYjAvA8U,,
1123,Honky Tonk Women,The Rolling Stones,1969,https://youtube.com/watch?v=hqqkGxZ1_8I,,
1124,Hotel California,Eagles,1977,https://youtube.com/watch?v=09839DpTctU,,
1125,Hound Dog,Elvis Presley,1958,https://www.youtube.com/watch?v=-eHJ12Vhpyc,,
1126,Human Nature,Michael Jackson,1982,https://youtube.com/watch?v=ElN_4vUvTPs,,
1127,Humble,Kendrick Lamar,2017,https://youtube.com/watch?v=tvTRZJ-4EyI,,
1128,Hung Up,Madonna,2005,https://youtube.com/watch?v=EDwb9jOVRtU,,
1129,I Believe I Can Fly,R. Kelly,1990,https://youtube.com/watch?v=4qPOWeA-L5I,,
1130,I Can't Give You Anything But Love,Nat King Cole,1943,https://youtube.com/watch?v=EZaieUSaMxw,,
1131,I Can't Stop Loving You,Ray Charles,1962,https://youtube.com/watch?v=HsP1vEfM9do,,
1132,I Fall to Pieces,Patsy Cline,1961,https://youtube.com/watch?v=gEcZ8BlsJhI,,
1133,I Get Around,The Beach Boys,1964,https://youtube.com/watch?v=BchXkabxn4A,,
1134,I Got Rhythm,George Gershwin,1931,https://youtube.com/watch?v=oQdeTbUDCiw,,
1135,I Gotta Feeling,The Black Eyed Peas,2009,https://youtube.com/watch?v=uSD4vsh1zDA,,
1136,I Should Have Known Better,The Beatles,1963,https://youtube.com/watch?v=5en2JMLA8Z0,,
1137,I Swear,All-4-One,1994,https://youtube.com/watch?v=cVpvlaKfLQc,,
1138,I Wanna Dance with Somebody (Who Loves Me),Whitney Houston,1987,https://youtube.com/watch?v=eH3giaIzONA,,
1139,I Wanna Love You,Akon ft. Snoop Dogg,2006,https://youtube.com/watch?v=GJzF7H2e3Tw,,
1140,I Want It That Way,Backstreet Boys,2000,https://youtube.com/watch?v=4fndeDfaWCg,,
1141,I Want to See the World,Cheap Trick,1974,https://youtube.com/watch?v=y1JuM8fP2dM,,
1142,I Want You, I Need You,1955,https://youtube.com/watch?v= I Love You,Little Richard,
1143,I Was Made for Lovin' You,Kiss,1978,https://youtube.com/watch?v=ZhIsAZO5gl0,,
1144,I Will Always Love You,Whitney Houston,1992,https://youtube.com/watch?v=3JWTaaS7LdU,,
1145,I Will Survive,Gloria Gaynor,1977,https://youtube.com/watch?v=6dYWe1c3OyU,,
1146,If,Perry Como,1951,https://youtube.com/watch?v=nk7yRsSEPIM,,
1147,I'll Be Seeing You,Billie Holiday,1944,https://youtube.com/watch?v=3C5zYKIuoxg,,
1148,I'll Be There for You,The Rembrandts,1993,https://youtube.com/watch?v=S8PNXgLhkT0,,
1149,I'm Sorry,Dean Martin,1952,https://youtube.com/watch?v=npwwme2WVy0,,
1150,Imagine,John Lennon,1971,https://youtube.com/watch?v=b6rBQ_hBpxc,,
1151,In My Feelings,Drake,2018,https://youtube.com/watch?v=SD1tkI5-3dI,,
1152,In the End,Linkin Park,2001,https://youtube.com/watch?v=eVTXPUF4Oz4,,
1153,Irreplaceable,Beyonc√©,2007,https://youtube.com/watch?v=2EwViQxSJJQ,,
1154,Itsi Bitsi Petit Bikini,Dalida,1960,https://youtube.com/watch?v=6Eva66d4t-g,,
1155,I've Got You Under My Skin,Frank Sinatra,1953,https://youtube.com/watch?v=C1AHec7sfZ8,,
1156,Jailhouse Rock,Elvis Presley,1957,https://youtube.com/watch?v=gj0Rz-uP4Mk,,
1157,Jump,Kriss Kross,1992,https://youtube.com/watch?v=010KyIQjkTk,,
1158,Killing Me Softly with His Song,Roberta Flack,1972,https://youtube.com/watch?v=mrudT410TAI,,
1159,La chanson des vieux amants,Jacques Brel,1967,https://youtube.com/watch?v=dU-OD5_Dxrs,,
1160,La Mamma,Charles Aznavour,1963,https://youtube.com/watch?v=D6y9KRHjjXw,,
1161,La poup√©e qui fait non,Michel Polnareff,1966,https://youtube.com/watch?v=JDkVjrYNyLo,,
1162,Lady Marmalade,Christina Aguilera ft. Lil' Kim,2001,https://youtube.com/watch?v= M√Ωa & Pink,RQa7SvVCdZk,
1163,Landslide,Fleetwood Mac,1975,https://youtube.com/watch?v=WM7-PYtXtJM,,
1164,Last Last,Burna Boy,2023,https://youtube.com/watch?v=421w1j87fEM,,
1165,Le lion est mort ce soir,Henri Salvador,1962,https://youtube.com/watch?v=yGaIfuPIa7s,,
1166,Les Com√©diens,Charles Aznavour,1962,https://youtube.com/watch?v=V7EOrUEUaPI,,
1167,Les playboys,Jacques Dutronc,1966,https://youtube.com/watch?v=Oy-MX7I7lME,,
1168,Let It Be,The Beatles,1970,https://youtube.com/watch?v=CGj85pVzRJs,,
1169,Let's Get It On,Marvin Gaye,1973,https://youtube.com/watch?v=tQj1kPmQXwE,,
1170,Levitating,Dua Lipa,2021,https://youtube.com/watch?v=TUVcZfQe-Kw,,
1171,Light My Fire,The Doors,1967,https://youtube.com/watch?v=cq8k-ZbsXDI,,
1172,Like a Prayer,Madonna,1988,https://youtube.com/watch?v=79fzeNUqQbQ,,
1173,Like a Rolling Stone,Bob Dylan,1965,https://youtube.com/watch?v=IwOfCgkyEj0,,
1174,Like a Virgin,Madonna,1984,https://youtube.com/watch?v=s__rX_WL100,,
1175,Livin' la Vida Loca,Ricky Martin,1999,https://youtube.com/watch?v=p47fEXGabaY,,
1176,Lonely,Akon,2001,https://youtube.com/watch?v=6EEW-9NDM5k,,
1177,Lose Yourself,Eminem,2003,https://youtube.com/watch?v=xFYQQPAOz7Y,,
1178,Losing My Religion,REM,1991,https://youtube.com/watch?v=xwtdhWltSIg,,
1179,Love Me Tender,Elvis Presley,1957,https://youtube.com/watch?v=-9dtQzg7gDM,,
1180,Love Song,Sara Bareilles,2008,https://youtube.com/watch?v=qi7Yh16dA0w,,
1181,Low,Flo Rida ft. T-Pain,2008,https://youtube.com/watch?v=U2waT9TxPU0,,
1182,Low Rider,War,1975,https://youtube.com/watch?v=BsrqKE1iqqo,,
1183,Mack the Knife,Bobby Darin,1959,https://youtube.com/watch?v=ygVgxGSQIsw,,
1184,Mambo Italiano,Rosemary Clooney,1954,https://youtube.com/watch?v=44CQbWDDd64,,
1185,Man in the Mirror,Michael Jackson,1989,https://youtube.com/watch?v=PivWY9wn5ps,,
1186,Maybellene,Chuck Berry,1953,https://youtube.com/watch?v=v124f0i0Xh4,,
1187,Me Porto Bonito,Bad Bunny & Chencho Corleone,2022,https://youtube.com/watch?v=saGYMhApaH8,,
1188,Message in a Bottle,The Police,1972,https://youtube.com/watch?v=4m3CMTeo-nU,,
1189,Mona Lisa,Nat King Cole,1949,https://youtube.com/watch?v=G2vgJ0MGOlg,,
1190,Money for Nothing,Dire Straits,1985,https://youtube.com/watch?v=wTP2RUD_cL0,,
1191,Montero (Call Me by Your Name),Lil Nas X,2021,https://youtube.com/watch?v=6swmTBVI83k,,
1192,Moondance,Van Morrison,1961,https://youtube.com/watch?v=6lFxGBB4UGU,,
1193,Moonlight Serenade,Glenn Miller and His Orchestra,1938,https://youtube.com/watch?v=9Ws6DdrDtyo,,
1194,Moves Like Jagger,Maroon 5 ft. Christina Aguilera,2011,https://youtube.com/watch?v=iEPTlhBmwRg,,
1195,Mr. Brightside,The Killers,2004,https://youtube.com/watch?v=gGdGFtwCNBE,,
1196,Mr. Jones,Counting Crows,1991,https://www.youtube.com/watch?v=-oqAU5VxFWs,,
1197,Mr. Sandman,The Chordettes,1954,https://youtube.com/watch?v=CX45pYvxDiA,,
1198,Mr. Tambourine Man,Bob Dylan,1964,https://youtube.com/watch?v=oecX_1pqxk0,,
1199,My Funny Valentine,Chet Baker,1948,https://youtube.com/watch?v=UOEIQKczRPY,,
1200,My Girl,The Temptations,1965,https://youtube.com/watch?v=y3KJ7d2qBoA,,
1201,My Humps,Black Eyed Peas,2004,https://youtube.com/watch?v=iEe_eraFWWs,,
1202,My Life,Billy Joel,1979,https://youtube.com/watch?v=HVX80UpMPDI,,
1203,My Sharona,The Knack,1975,https://youtube.com/watch?v=bbr60I0u2Ng,,
1204,Nature Boy,Nat King Cole,1947,https://youtube.com/watch?v=Iq0XJCJ1Srw,,
1205,No One,Alicia Keys,2007,https://youtube.com/watch?v=rywUS-ohqeE,,
1206,Noir c'est noir,Johnny Hallyday,1966,https://youtube.com/watch?v=vx3OTZ35e80,,
1207,Nothing Compares 2 U,Sin√©ad O'Connor,1987,https://youtube.com/watch?v=0-EF60neguk,,
1208,Ode to Billie Joe,Bobbie Gentry,1967,https://youtube.com/watch?v=cJZ_ViDADOE,,
1209,Oh Boy!,Buddy Holly,1958,https://youtube.com/watch?v=25e1k7sTpSo,,
1210,Old Town Road,Lil Nas X ft. Billy Ray Cyrus,2019,https://youtube.com/watch?v=r7qovpFAGrQ,,
1211,On the Sunny Side of the Street,Frank Sinatra,1945,https://youtube.com/watch?v=6-SQImyftA4,,
1212,One Dance,Drake ft. Wizkid & Kyla,2016,https://youtube.com/watch?v=ki0Ocze98U8,,
1213,One Moment in Time,Whitney Houston,1988,https://youtube.com/watch?v=96aAx0kxVSA,,
1214,Over the Rainbow,Judy Garland,1939,https://youtube.com/watch?v=PSZxmZmBfnU,,
1215,Party Rock Anthem,LMFAO,2011,https://youtube.com/watch?v=KQ6zr6kCPj8,,
1216,Perfect,Ed Sheeran,2018,https://youtube.com/watch?v=2Vv-BfVoq4g,,
1217,Physical,Olivia Newton-John,1981,https://youtube.com/watch?v=vWz9VN40nCA,,
1218,Poker Face,Lady Gaga,2008,https://youtube.com/watch?v=bESGLojNYSo,,
1219,Rapper's Delight,The Sugarhill Gang,1981,https://youtube.com/watch?v=mcCK99wHrk0,,
1220,Rehab,Amy Winehouse,2007,https://youtube.com/watch?v=KUmZp8pR1uc,,
1221,Relax,Frankie Goes to Hollywood,1984,https://youtube.com/watch?v=Yem_iEHiyJ0,,
1222,Roar,Katy Perry,2013,https://youtube.com/watch?v=CevxZvSJLk8,,
1223,Rock Around the Clock,Bill Haley & His Comets,1954,https://youtube.com/watch?v=ZgdufzXvjqw,,
1224,Rockstar,Post Malone ft. 21 Savage,2018,https://youtube.com/watch?v=UceaB4D0jpo,,
1225,Rolling in the Deep,Adele,2011,https://youtube.com/watch?v=rYEDA3JcQqw,,
1226,Royals,Lorde,2013,https://youtube.com/watch?v=nlcIKh6sBtc,,
1227,Runaround Sue,Dion,1961,https://youtube.com/watch?v=nFch8vH81ks,,
1228,Running Up That Hill (A Deal with God),Kate Bush,2023,https://youtube.com/watch?v=wp43OdtAAkM,,
1229,Satisfaction,The Rolling Stones,1965,https://youtube.com/watch?v=nrIPxlFzDi0,,
1230,Savage Love (Laxed ‚Äì Siren Beat),Jawsh 685 x BTS,2020,https://youtube.com/watch?v=8HjxqrZrZR4,,
1231,Say My Name,Destiny's Child,2000,https://youtube.com/watch?v=sQgd6MccwZc,,
1232,Scar Tissue,Red Hot Chili Peppers,1999,https://youtube.com/watch?v=mzJj5-lubeM,,
1233,Secret Love,Doris Day,1954,https://youtube.com/watch?v=H8P_p7dB2dw,,
1234,See You Again,Wiz Khalifa ft. Charlie Puth,2015,https://youtube.com/watch?v=RgKAFK5djSk,,
1235,Sentimental Journey,Doris Day,1946,https://youtube.com/watch?v=PUw125JMVFI,,
1236,Seven Nation Army,The White Stripes,2003,https://youtube.com/watch?v=0J2QdDbelmY,,
1237,SexyBack,Justin Timberlake,2006,https://youtube.com/watch?v=3gOHvDP_vCs,,
1238,Shake It Off,Taylor Swift,2014,https://youtube.com/watch?v=nfWlot6h_JM,,
1239,Shake, Rattle and Roll,1955,https://youtube.com/watch?v=Bill Haley & His Comets,8B7xr_EjbzE,
1240,Shape of My Heart,Backstreet Boys,2001,https://youtube.com/watch?v=OT5msu-dap8,,
1241,Shape of You,Ed Sheeran,2017,https://youtube.com/watch?v=JGwWNGJdvx8,,
1242,Sh-Boom,The Chords,1954,https://youtube.com/watch?v=SBgQezOF8kY,,
1243,Silly Love Songs,Wings,1976,https://youtube.com/watch?v=ap87QgZKTNw,,
1244,Since U Been Gone,Kelly Clarkson,2004,https://youtube.com/watch?v=R7UrFYvl5TE,,
1245,Singin' in the Rain,Gene Kelly,1952,https://youtube.com/watch?v=swloMVFALXw,,
1246,Single Ladies (Put a Ring on It),Beyonc√©,2009,https://youtube.com/watch?v=4m1EFMoRFvY,,
1247,Sittin' on the Dock of the Bay,Otis Redding,1968,https://youtube.com/watch?v=rTVjnBo96Ug,,
1248,Sk8er Boi,Avril Lavigne,2000,https://youtube.com/watch?v=TIy3n2b7V9k,,
1249,Skyfall,Adele,2012,https://youtube.com/watch?v=DeumyOzKqgI,,
1250,Sledgehammer,Peter Gabriel,1985,https://youtube.com/watch?v=OJWJE0x7T4Q,,
1251,Sleep Walk,Santo & Johnny,1959,https://youtube.com/watch?v=2rwfqsjimRM,,
1252,Smells Like Teen Spirit,Nirvana,1992,https://youtube.com/watch?v=hTWKbfoikeg,,
1253,Smoke Gets in Your Eyes,The Mills Brothers,1934,https://youtube.com/watch?v=NBQkHTPV_C8,,
1254,Smooth,Santana ft. Rob Thomas,1999,https://youtube.com/watch?v=6Whgn_iE5uc,,
1255,Smooth Criminal,Michael Jackson,1989,https://youtube.com/watch?v=h_D3VFfhvs4,,
1256,So What,Pink,2006,https://youtube.com/watch?v=FJfFZqTlWrQ,,
1257,Somebody That I Used to Know,Gotye ft. Kimbra,2012,https://youtube.com/watch?v=8UVNT4wvIGY,,
1258,Someone Like You,Adele,2011,https://youtube.com/watch?v=hLQl3WQQoQ0,,
1259,Someone You Loved,Lewis Capaldi,2019,https://youtube.com/watch?v=zABLecsR5UE,,
1260,Something Just Like This,The Chainsmokers & Coldplay,2017,https://youtube.com/watch?v=FM7MFYoylVs,,
1261,Something to Talk About,Bonnie Raitt,1991,https://youtube.com/watch?v=mJ58TVYNFro,,
1262,Son of a Preacher Man,Dusty Springfield,1968,https://youtube.com/watch?v=oAZLgsDRUv4,,
1263,Sorry,Justin Bieber,2016,https://youtube.com/watch?v=fRh_vgS2dFE,,
1264,Sorry Seems to Be the Hardest Word,Elton John,2002,https://youtube.com/watch?v=OXqw6ERK09o,,
1265,Space Oddity,David Bowie,1969,https://youtube.com/watch?v=iYYRH4apXDo,,
1266,Stardust,Artie Shaw and His Orchestra,1941,https://youtube.com/watch?v=CUCe-b1IQeU,,
1267,Stay,The Kid LAROI & Justin Bieber,2021,https://youtube.com/watch?v=kTJczUoc26U,,
1268,Stay (I Missed You),Lisa Loeb & Nine Stories,1994,https://youtube.com/watch?v=i9HGwRbMiVY,,
1269,Stay with Me,Sam Smith,2014,https://youtube.com/watch?v=pB-5XG-DbAA,,
1270,Stayin' Alive,Bee Gees,1978,https://youtube.com/watch?v=I_izvAbhExY,,
1271,Stormy Weather,Ethel Waters,1933,https://youtube.com/watch?v=zywZUhaUqMo,,
1272,Strangers in the Night,Frank Sinatra,1966,https://youtube.com/watch?v=Fd_3EkGr0-4,,
1273,Stressed Out,Twenty One Pilots,2016,https://youtube.com/watch?v=pXRviuL6vMY,,
1274,Summer Nights,John Travolta & Olivia Newton-John,1976,https://youtube.com/watch?v=ucU5c9ilIIc,,
1275,Sunroof,Nicky Youre & Dazy,2022,https://youtube.com/watch?v=G5xSLbYMr-I,,
1276,Superstar,The Carpenters,1972,https://youtube.com/watch?v=SJmmaIGiGBg,,
1277,Surfin' Safari,The Beach Boys,1962,https://youtube.com/watch?v=KrPDLxmfWPM,,
1278,Surfin' USA,The Beach Boys,1961,https://youtube.com/watch?v=EDb303T-B1w,,
1279,Sweet Child o' Mine,Guns N' Roses,1986,https://youtube.com/watch?v=1w7OgIMMRc4,,
1280,Sweet Home Alabama,Lynyrd Skynyrd,1969,https://youtube.com/watch?v=-35W_FWCT9Q,,
1281,Sympathy for the Devil,The Rolling Stones,1968,https://youtube.com/watch?v=GgnClrx8N2k,,
1282,Tainted Love,Soft Cell,1986,https://youtube.com/watch?v=XZVpR3Pk-r8,,
1283,Teen Angel,Mark Dinning,1957,https://youtube.com/watch?v=KG_VIcoiCFA,,
1284,Teenage Dream,Katy Perry,2010,https://youtube.com/watch?v=98WtmW-lfeE,,
1285,Telephone,Lady Gaga ft. Beyonc√©,2010,https://youtube.com/watch?v=EVBsypHzF3U,,
1286,Temperature,Sean Paul,2006,https://youtube.com/watch?v=dW2MmuA1nI4,,
1287,The Box,Roddy Ricch,2020,https://youtube.com/watch?v=UNZqm3dxd2w,,
1288,The Loco-Motion,Grand Funk Railroad,1974,https://youtube.com/watch?v=FULmAxNS4hk,,
1289,The Way You Look Tonight,Fred Astaire,1932,https://youtube.com/watch?v=dIW_Ah0wg-w,,
1290,Thinking Out Loud,Ed Sheeran,2015,https://youtube.com/watch?v=lp-EO5I60KA,,
1291,This Guy's in Love with You,Herb Alpert & The Tijuana Brass,1968,https://youtube.com/watch?v=ppYnbbu1OmA,,
1292,Three Coins in the Fountain,The Four Lads,1953,https://youtube.com/watch?v=7n4a_CCCoPA,,
1293,Thriller,Michael Jackson,1982,https://youtube.com/watch?v=sOnqjkJTMaA,,
1294,Tik Tok,Kesha,2010,https://youtube.com/watch?v=iP6XpLQM2Cs,,
1295,Time in a Bottle,Jim Croce,1973,https://youtube.com/watch?v=Q29sOLG8xGE,,
1296,Tiny Dancer,Elton John,1974,https://youtube.com/watch?v=yYcyacLRPNs,,
1297,Tonight's the Night,Rod Stewart,1975,https://youtube.com/watch?v=IZr6AE-u2UM,,
1298,Total Eclipse of the Heart,Bonnie Tyler,1983,https://youtube.com/watch?v=lcOxhH8N3Bo,,
1299,Toxic,Britney Spears,2004,https://youtube.com/watch?v=LOZuxwVk7TU,,
1300,Truth Hurts,Lizzo,2019,https://youtube.com/watch?v=P00HMxdsVZI,,
1301,Tutti Frutti,Little Richard,1950,https://youtube.com/watch?v=Cj059o9OwqY,,
1302,Twist and Shout,The Beatles,1964,https://youtube.com/watch?v=2RicaUqd9Hg,,
1303,Umbrella (feat. JAY-Z),Rihanna,2007,https://youtube.com/watch?v=CvBfHwUxHIk,,
1304,Unchained Melody,Les Baxter,1951,https://youtube.com/watch?v=grGxEwmOZ4c,,
1305,Unsteady,XTC,1990,https://youtube.com/watch?v=DR0tuSABGDk,,
1306,Uptown Funk,Mark Ronson ft. Bruno Mars,2015,https://youtube.com/watch?v=OPf0YbXqDm0,,
1307,Use Somebody,Kings of Leon,2009,https://youtube.com/watch?v=gnhXHvRoUd0,,
1308,Venus,Frankie Avalon,1959,https://youtube.com/watch?v=2skhKGtN3aY,,
1309,Vision of Love,Mariah Carey,1990,https://youtube.com/watch?v=tov22NtCMC4,,
1310,Viva la Vida,Coldplay,2009,https://youtube.com/watch?v=dvgZkm1xWPE,,
1311,Viva Las Vegas,Elvis Presley,1958,https://youtube.com/watch?v=R_ijlnDtKa4,,
1312,Vogue,Madonna,1990,https://youtube.com/watch?v=GuJQSAiODqI,,
1313,Volare,Domenico Modugno,1953,https://youtube.com/watch?v=6jWsIpAbo-8,,
1314,Walk Like an Egyptian,The Bangles,1986,https://youtube.com/watch?v=Cv6tuzHUuuk,,
1315,Walk on the Wild Side,Lou Reed,1972,https://youtube.com/watch?v=oG6fayQBm9w,,
1316,Walking on Sunshine,Katrina and the Waves,1982,https://youtube.com/watch?v=iPUmE-tne5U,,
1317,Waterfalls,TLC,1993,https://youtube.com/watch?v=8WEtxJ4-sh4,,
1318,Watermelon Sugar,Harry Styles,2020,https://youtube.com/watch?v=E07s5ZYygMg,,
1319,We Are the World,USA for Africa,1985,https://youtube.com/watch?v=9AjkUyX0rVw,,
1320,What a Fool Believes,The Doobie Brothers,1979,https://youtube.com/watch?v=qKYQNtF11eg,,
1321,What a Wonderful World,Louis Armstrong,1959,https://youtube.com/watch?v=rBrd_3VMC3c,,
1322,What Do You Mean?,Justin Bieber,2015,https://youtube.com/watch?v=DK_0jXPuIr0,,
1323,What I Like About You,The Romantics,1978,https://youtube.com/watch?v=Rqnw5IfbZOU,,
1324,What Makes You Beautiful,One Direction,2012,https://youtube.com/watch?v=QJO3ROT-A4E,,
1325,What's Going On,Marvin Gaye,1971,https://youtube.com/watch?v=o5TmORitlKk,,
1326,What's Love Got to Do with It,Tina Turner,1984,https://youtube.com/watch?v=oGpFcHTxjZs,,
1327,Wheel of Fortune,Kay Starr,1951,https://youtube.com/watch?v=OeIce5NsWKk,,
1328,When Doves Cry,Prince,1984,https://youtube.com/watch?v=UG3VcCAlUgE,,
1329,White Christmas,Bing Crosby,1942,https://youtube.com/watch?v=_3ZC45Q82pg,,
1330,Wild Thoughts,DJ Khaled ft. Rihanna & Bryson Tiller,2017,https://youtube.com/watch?v=fyaI4-5849w,,
1331,Will You Love Me Tomorrow?,Diana Ross & The Supremes,1973,https://youtube.com/watch?v=vFxoCZOuYBc,,
1332,Wind Beneath My Wings,Bette Midler,1988,https://youtube.com/watch?v=0iAzMRKFX3c,,
1333,With or Without You,U2,1987,https://youtube.com/watch?v=ujNeHIo7oTE,,
1334,Woman,John Lennon,1980,https://youtube.com/watch?v=ZhfWiU8wGCc,,
1335,Work,Rihanna ft. Drake,2016,https://youtube.com/watch?v=HL1UzIK-flA,,
1336,Work It,Missy Elliott,2002,https://youtube.com/watch?v=cjIvu7e6Wq8,,
1337,Wrecking Ball,Miley Cyrus,2013,https://youtube.com/watch?v=My2FRPA3Gf8,,
1338,Yeah!,Usher ft. Lil Jon & Ludacris,2004,https://youtube.com/watch?v=GxBSyx85Kp8,,
1339,Yesterday,The Beatles,1965,https://youtube.com/watch?v=TQemQRL_YVQ,,
1340,YMCA,Village People,1978,https://youtube.com/watch?v=CS9OO0S5w2k,,
1341,Your Song,Elton John,1971,https://youtube.com/watch?v=GlPlfCy1urI,,
1342,You're Sixteen,Johnny Burnette & The Rock and Roll Trio,1974,https://youtube.com/watch?v=yaS5vObzDMQ,,
